Year,Country,Energy_fitp,GHT_fit
2000,Australia,0.379919494,25.53880955
2001,Australia,0.344337826,25.65616012
2002,Australia,0.371974478,25.58163384
2003,Australia,0.435774458,25.38294051
2004,Australia,0.503081593,25.95272971
2005,Australia,0.518924929,25.85920153
2006,Australia,0.53091356,25.64696463
2007,Australia,0.598866991,25.48908846
2008,Australia,0.586114488,25.17460228
2009,Australia,0.548286522,24.86860607
2010,Australia,0.664330577,24.25108732
2011,Australia,0.7519076,23.88324444
2012,Australia,0.92827255,23.6036073
2013,Australia,0.888226969,22.80952596
2014,Australia,0.720938205,22.24731411
2015,Australia,0.548330703,22.36179657
2016,Australia,0.551311457,22.53547769
2000,Austria,0.375433806,9.965575598
2001,Austria,0.401687505,10.41329862
2002,Austria,0.439766385,10.58599408
2003,Austria,0.553461136,11.22676381
2004,Austria,0.65434676,11.12144944
2005,Austria,0.655453656,11.21521856
2006,Austria,0.639207178,10.87671195
2007,Austria,0.733052224,10.52147766
2008,Austria,0.808316585,10.40771094
2009,Austria,0.740152052,9.59414585
2010,Austria,0.722103533,10.07774213
2011,Austria,0.823585991,9.754573874
2012,Austria,0.760190915,9.387104912
2013,Austria,0.790409658,9.391156883
2014,Austria,0.773703586,8.900515194
2015,Austria,0.666609745,9.090941385
2016,Austria,0.665007946,9.09950012
2017,Austria,0.707867389,9.326800683
2018,Austria,,
2000,Belgium,0.323822029,14.56226922
2001,Belgium,0.314977596,14.35522015
2002,Belgium,0.33279086,14.23724136
2003,Belgium,0.421854666,14.19827788
2004,Belgium,0.510679651,14.23940398
2005,Belgium,0.527664235,13.77504751
2006,Belgium,0.500624512,13.43383765
2007,Belgium,0.577900171,12.98994464
2008,Belgium,0.59088992,12.87974966
2009,Belgium,0.573512049,11.62646909
2010,Belgium,0.590151421,12.15149521
2011,Belgium,0.646873757,11.0949618
2012,Belgium,0.579809217,10.76850178
2013,Belgium,0.567438001,10.69609991
2014,Belgium,0.594954829,10.11529196
2015,Belgium,0.521189844,10.37586826
2016,Belgium,0.583422102,10.19720158
2017,Belgium,0.639707325,10.02998156
2018,Belgium,,
2000,Canada,0.260857465,23.88448247
2001,Canada,0.251265768,23.30737532
2002,Canada,0.250385236,23.23248805
2003,Canada,0.29601243,23.53282855
2004,Canada,0.316167974,23.35251301
2005,Canada,0.34082926,22.70682654
2006,Canada,0.365143627,22.17305409
2007,Canada,0.388284947,22.58575628
2008,Canada,0.388360777,21.69395153
2009,Canada,0.371326719,20.20083614
2010,Canada,0.421575552,20.28311046
2011,Canada,0.465041908,20.36468259
2012,Canada,0.470314456,20.36030588
2013,Canada,0.461645144,20.45704509
2014,Canada,0.429572729,20.27490279
2000,Czech Republic,,
2001,Czech Republic,,
2002,Czech Republic,,
2003,Czech Republic,,
2004,Czech Republic,,
2005,Czech Republic,,
2006,Czech Republic,,
2007,Czech Republic,,
2008,Czech Republic,,
2009,Czech Republic,,
2010,Czech Republic,,
2011,Czech Republic,,
2012,Czech Republic,,
2013,Czech Republic,,
2014,Czech Republic,,
2015,Czech Republic,,
2016,Czech Republic,,
2017,Czech Republic,,
2018,Czech Republic,,
2000,Denmark,0.853622937,13.36173442
2001,Denmark,0.877135358,13.63670072
2002,Denmark,0.95284859,13.51072253
2003,Denmark,1.132751113,14.41348232
2004,Denmark,1.283901877,13.23602611
2005,Denmark,1.228712908,12.37450534
2006,Denmark,1.161755622,13.74998976
2007,Denmark,1.364164741,12.8508852
2008,Denmark,1.374446476,12.12437113
2009,Denmark,1.347531996,11.5583456
2010,Denmark,1.369468189,11.55357958
2011,Denmark,1.481182809,10.55832906
2012,Denmark,1.391551708,9.683736806
2013,Denmark,1.470348618,9.936121978
2014,Denmark,1.446166528,9.157658303
2015,Denmark,1.173937959,8.658198937
2016,Denmark,1.18793906,8.981724623
2017,Denmark,1.149269304,8.587449804
2018,Denmark,,
2000,Finland,0.467731493,13.51782138
2001,Finland,0.46904427,14.5160394
2002,Finland,0.516142732,14.95130806
2003,Finland,0.624231075,16.36314856
2004,Finland,0.702542742,15.61206045
2005,Finland,0.693977276,13.27510676
2006,Finland,0.71171106,15.38121058
2007,Finland,0.76703863,15.00890398
2008,Finland,0.887687867,13.42230534
2009,Finland,0.808666023,12.69200036
2010,Finland,0.800220434,14.09429955
2011,Finland,1.019206551,12.57974919
2012,Finland,0.956544776,11.52684574
2013,Finland,0.976845676,11.5635251
2014,Finland,0.978030948,10.7541948
2015,Finland,0.847613849,10.0568445
2016,Finland,0.917683059,10.55789897
2017,Finland,0.912329816,10.03999258
2018,Finland,,
2000,France,0.406974999,9.427596131
2001,France,0.37613343,9.452944243
2002,France,0.427901766,9.278384231
2003,France,0.512106809,9.286785871
2004,France,0.586285569,9.189663949
2005,France,0.578280873,9.154086277
2006,France,0.590011036,8.894534214
2007,France,0.632355383,8.678752535
2008,France,0.667032888,8.524709598
2009,France,0.626129275,8.160010884
2010,France,0.602314251,8.223908462
2011,France,0.659707806,7.766405183
2012,France,0.614776262,7.722212923
2013,France,0.675329647,7.686868032
2014,France,0.676949958,7.18887181
2015,France,0.630803138,7.23602022
2016,France,0.657284321,7.231166524
2017,France,0.708016267,7.264187694
2000,Germany,0.472224914,12.84000118
2001,Germany,0.500661699,13.01682748
2002,Germany,0.551778507,12.74198996
2003,Germany,0.69838927,12.68862541
2004,Germany,0.741837731,12.48214957
2005,Germany,0.714647164,12.17292078
2006,Germany,0.726139071,12.28194932
2007,Germany,0.769019921,11.98286952
2008,Germany,0.832231666,12.03524164
2009,Germany,0.813750862,11.22440619
2010,Germany,0.761912285,11.66122552
2011,Germany,0.847501625,11.3820876
2012,Germany,0.775366575,11.41881408
2013,Germany,0.79316673,11.60772812
2014,Germany,0.794749514,11.08891726
2015,Germany,0.653894106,11.09205526
2016,Germany,0.651521715,11.08416132
2017,Germany,0.584874141,10.96816978
2018,Germany,,
2000,Greece,0.181087831,11.40094276
2001,Greece,0.181791067,11.4418752
2002,Greece,0.182884964,11.39258577
2003,Greece,0.232789568,11.68848652
2004,Greece,0.262923172,11.73247816
2005,Greece,0.271213919,12.14108474
2006,Greece,0.280163995,11.83623047
2007,Greece,0.339570685,12.13957538
2008,Greece,0.358102651,11.93050169
2009,Greece,0.397137656,11.36344051
2010,Greece,0.542413967,10.87806779
2011,Greece,0.588964116,10.66148038
2012,Greece,0.590164527,10.40210028
2013,Greece,0.656793105,9.547652572
2014,Greece,0.659804737,9.261643365
2015,Greece,0.559541103,8.943032459
2016,Greece,0.548741929,8.638356305
2017,Greece,0.610066996,9.02798074
2018,Greece,,
2000,Hungary,0.118982724,7.162849815
2001,Hungary,0.124717723,7.381587943
2002,Hungary,0.152946519,7.239106582
2003,Hungary,0.189798962,7.557071101
2004,Hungary,0.222006547,7.474878345
2005,Hungary,0.231527705,7.471751969
2006,Hungary,0.246156964,7.373307085
2007,Hungary,0.288230393,7.220917707
2008,Hungary,0.34320613,7.063389855
2009,Hungary,0.285509254,6.484882532
2010,Hungary,0.294602503,6.542424487
2011,Hungary,0.30254811,6.401879546
2012,Hungary,0.28108556,6.04673429
2013,Hungary,0.283676718,5.775494581
2014,Hungary,0.249093548,5.85577488
2015,Hungary,0.266174367,6.214727869
2016,Hungary,0.284745262,6.268837082
2017,Hungary,0.302149926,6.555883551
2018,Hungary,,
2000,Iceland,0.342769729,14.39770146
2001,Iceland,0.269499134,13.91004206
2002,Iceland,0.28229167,14.03958588
2003,Iceland,0.337910437,13.83625566
2004,Iceland,0.40855439,14.04410138
2005,Iceland,0.559845547,13.38180055
2006,Iceland,0.691943001,15.17263043
2007,Iceland,0.7873557,15.90271675
2008,Iceland,0.536153512,16.8612279
2009,Iceland,0.439873187,15.63967259
2010,Iceland,0.562114865,15.12390195
2011,Iceland,0.596857214,14.16399615
2012,Iceland,0.591035554,14.13150638
2013,Iceland,0.602116787,14.05501018
2014,Iceland,0.640137313,14.1040987
2015,Iceland,0.593952222,14.27790647
2016,Iceland,0.62915213,13.96684918
2017,Iceland,0.791818059,14.21864561
2018,Iceland,,
2000,Ireland,0.365522674,18.10115976
2001,Ireland,0.327423259,18.34217034
2002,Ireland,0.400717248,17.50991467
2003,Ireland,0.491881438,17.2515695
2004,Ireland,0.634164594,16.74757025
2005,Ireland,0.65686641,16.78130251
2006,Ireland,0.664222895,16.25819437
2007,Ireland,0.712540833,15.72809678
2008,Ireland,0.746988306,15.24089517
2009,Ireland,0.706871978,13.69368073
2010,Ireland,0.722374531,13.4168679
2011,Ireland,0.81561429,12.41293085
2012,Ireland,0.730366462,12.50196313
2013,Ireland,0.780910798,12.43876838
2014,Ireland,0.798527163,12.34068801
2015,Ireland,0.740253889,12.72709966
2016,Ireland,0.728419073,13.04790078
2017,Ireland,0.715536489,12.77932548
2018,Ireland,,
2000,Italy,0.495484192,9.773936521
2001,Italy,0.477673623,9.867670674
2002,Italy,0.519442261,9.814939621
2003,Italy,0.651260309,10.00086265
2004,Italy,0.699855532,10.00888763
2005,Italy,0.733851214,9.962042671
2006,Italy,0.753727673,9.737260303
2007,Italy,0.793156711,9.541946565
2008,Italy,0.802293998,9.297810842
2009,Italy,0.813974904,8.394762701
2010,Italy,0.790007951,8.525428893
2011,Italy,0.933870322,8.264524132
2012,Italy,0.98225826,7.89456493
2013,Italy,0.994589294,7.358014336
2014,Italy,1.051092937,7.055361975
2015,Italy,0.833340346,7.164982161
2016,Italy,0.86881229,7.123263383
2017,Italy,0.85471,7.049312788
2018,Italy,,
2000,Japan,0.3833802,10.78106691
2001,Japan,0.340014437,10.5658649
2002,Japan,0.328443749,10.73707861
2003,Japan,0.355429955,10.76990254
2004,Japan,0.381657875,10.69981892
2005,Japan,0.374086397,10.74572271
2006,Japan,0.349681194,10.56974015
2007,Japan,0.340542967,10.84440942
2008,Japan,0.35773273,10.28016311
2009,Japan,0.403061577,9.712549425
2010,Japan,0.436549732,10.13464868
2011,Japan,0.467679662,10.53545468
2012,Japan,0.469132376,10.87499038
2013,Japan,0.383967778,10.97351167
2014,Japan,0.348049168,10.61157203
2015,Japan,0.302325733,10.32515606
2016,Japan,0.340505092,10.22008406
2017,Japan,0.32873466,10.11453325
2018,Japan,,
2000,Korea,,
2001,Korea,,
2002,Korea,,
2003,Korea,,
2004,Korea,,
2005,Korea,,
2006,Korea,,
2007,Korea,,
2008,Korea,,
2009,Korea,,
2010,Korea,,
2011,Korea,,
2012,Korea,,
2013,Korea,,
2014,Korea,,
2000,Luxembourg,1.235032309,22.19217117
2001,Luxembourg,1.237009793,23.0929084
2002,Luxembourg,1.347646188,24.65905613
2003,Luxembourg,1.739491233,25.44244238
2004,Luxembourg,2.220290291,28.29229431
2005,Luxembourg,2.338666981,28.44779053
2006,Luxembourg,2.305263407,27.60341358
2007,Luxembourg,2.558765005,25.83046722
2008,Luxembourg,2.773182284,25.03874513
2009,Luxembourg,2.401127008,23.37730396
2010,Luxembourg,2.3271673,23.98172439
2011,Luxembourg,2.555483024,23.22683474
2012,Luxembourg,2.364274614,22.19306214
2013,Luxembourg,2.292356153,20.71427545
2014,Luxembourg,2.180329731,19.45292437
2015,Luxembourg,1.704932235,18.16515657
2016,Luxembourg,1.628246781,17.35291731
2017,Luxembourg,1.667819987,17.29319462
2018,Luxembourg,,
2000,Mexico,0.070802305,5.507188641
2001,Mexico,0.093049272,5.36012845
2002,Mexico,0.114293848,5.484129481
2003,Mexico,0.07874796,5.464617046
2004,Mexico,0.045215471,5.495068829
2005,Mexico,0.013145402,5.590171252
2006,Mexico,-0.03601222,5.730390589
2007,Mexico,-0.040505053,5.923443469
2008,Mexico,-0.176438406,6.243023426
2009,Mexico,0.002107548,5.971493622
2010,Mexico,-0.038949712,5.864376059
2011,Mexico,-0.101354506,5.887787748
2012,Mexico,-0.131494052,5.744845471
2013,Mexico,-0.056663705,5.748859129
2014,Mexico,-0.008030177,5.701123501
2015,Mexico,0.113963494,5.740803436
2016,Mexico,0.120449947,
2017,Mexico,0.091674701,
2018,Mexico,,
2000,Netherlands,0.444392343,13.77003656
2001,Netherlands,0.455917214,13.73490702
2002,Netherlands,0.487671252,13.52415263
2003,Netherlands,0.608307119,13.49079974
2004,Netherlands,0.721042,13.5057327
2005,Netherlands,0.784277693,13.09381424
2006,Netherlands,0.838301442,12.72705559
2007,Netherlands,0.860254278,12.58281704
2008,Netherlands,1.012321928,12.49961918
2009,Netherlands,0.972478975,12.11404317
2010,Netherlands,0.953370593,12.78930406
2011,Netherlands,0.995623063,11.90304042
2012,Netherlands,0.889433267,11.63343783
2013,Netherlands,1.00855451,11.57442397
2014,Netherlands,1.018237306,11.08667708
2015,Netherlands,0.870103076,11.54532611
2016,Netherlands,0.898012724,11.50586166
2017,Netherlands,0.906407326,11.35397612
2018,Netherlands,,
2000,New Zealand,0.11160531,19.74078127
2001,New Zealand,0.108928461,20.24159474
2002,New Zealand,0.15824452,20.0310234
2003,New Zealand,0.195758457,20.28568544
2004,New Zealand,0.207136469,19.91240291
2005,New Zealand,0.227656261,20.13618354
2006,New Zealand,0.206898331,19.93421673
2007,New Zealand,0.252821254,19.21202864
2008,New Zealand,0.226232984,18.99577645
2009,New Zealand,0.200545273,18.15200893
2010,New Zealand,0.250291987,18.06952262
2011,New Zealand,0.276227891,17.8060477
2012,New Zealand,0.289192792,18.13927521
2013,New Zealand,0.30454182,17.82457084
2014,New Zealand,0.328741712,17.80180479
2015,New Zealand,0.292725777,17.59704147
2016,New Zealand,0.293733024,16.98467763
2017,New Zealand,0.295723187,17.19544222
2018,New Zealand,,
2000,Norway,0.652114571,12.18657325
2001,Norway,0.645519406,12.40682942
2002,Norway,0.704767272,12.10488478
2003,Norway,0.806746073,12.1866812
2004,Norway,0.851887365,12.22288608
2005,Norway,0.915799704,11.95219736
2006,Norway,0.960469173,11.83982961
2007,Norway,1.04780414,12.08063223
2008,Norway,1.222178137,11.65285011
2009,Norway,1.040331711,11.01723133
2010,Norway,1.112692744,11.35246316
2011,Norway,1.194477132,11.04170312
2012,Norway,1.10154205,10.78846169
2013,Norway,1.140559823,10.63405165
2014,Norway,1.116419814,10.52594681
2015,Norway,0.906390155,10.47150819
2016,Norway,0.89187747,10.2091692
2017,Norway,0.936056593,9.952665849
2018,Norway,,
2000,Poland,0.078367108,10.25690545
2001,Poland,0.087145449,10.23553049
2002,Poland,0.103473804,9.987006816
2003,Poland,0.119442313,10.35342766
2004,Poland,0.146619675,10.49595934
2005,Poland,0.180414208,10.51434416
2006,Poland,0.200588292,10.90193072
2007,Poland,0.25785575,10.91516832
2008,Poland,0.302789368,10.72549827
2009,Poland,0.236053711,10.25875995
2010,Poland,0.26342019,10.74017824
2011,Poland,0.288430584,10.73564138
2012,Poland,0.277328063,10.5592365
2013,Poland,0.272464759,10.48204131
2014,Poland,0.3073736,10.16215118
2015,Poland,0.274437823,10.26565217
2016,Poland,0.280118111,10.5062056
2017,Poland,0.302340336,10.90241831
2018,Poland,,
2000,Portugal,0.176944867,7.971353438
2001,Portugal,0.209083518,7.89925055
2002,Portugal,0.262848916,8.241949807
2003,Portugal,0.333808583,7.695988011
2004,Portugal,0.372227919,7.960010796
2005,Portugal,0.37390981,8.146776408
2006,Portugal,0.383106653,7.669189043
2007,Portugal,0.435741666,7.431543958
2008,Portugal,0.447530002,7.187832317
2009,Portugal,0.423357229,6.887215621
2010,Portugal,0.398838153,6.493046988
2011,Portugal,0.401178763,6.378501101
2012,Portugal,0.346020371,6.227832969
2013,Portugal,0.361939936,6.083316616
2014,Portugal,0.367202798,6.115142946
2015,Portugal,0.340746634,6.532903898
2016,Portugal,0.377853362,6.385692952
2017,Portugal,0.398257788,6.856792717
2018,Portugal,,
2000,Slovak Republic,,
2001,Slovak Republic,,
2002,Slovak Republic,,
2003,Slovak Republic,,
2004,Slovak Republic,,
2005,Slovak Republic,,
2006,Slovak Republic,,
2007,Slovak Republic,,
2008,Slovak Republic,,
2009,Slovak Republic,,
2010,Slovak Republic,,
2011,Slovak Republic,,
2012,Slovak Republic,,
2013,Slovak Republic,,
2014,Slovak Republic,,
2015,Slovak Republic,,
2016,Slovak Republic,,
2017,Slovak Republic,,
2018,Slovak Republic,,
2000,Spain,0.245957323,9.492476365
2001,Spain,0.240373155,9.323472678
2002,Spain,0.28199613,9.627222812
2003,Spain,0.3609171,9.64810682
2004,Spain,0.409168533,9.854750741
2005,Spain,0.418105061,10.01924232
2006,Spain,0.428566615,9.703104198
2007,Spain,0.478791917,9.798957236
2008,Spain,0.501671445,8.930215455
2009,Spain,0.456432983,7.987956311
2010,Spain,0.442457717,7.621331234
2011,Spain,0.4459307,7.589460673
2012,Spain,0.403803586,7.451103232
2013,Spain,0.470128245,6.891910886
2014,Spain,0.457776742,6.971685599
2015,Spain,0.4144232,7.233444697
2016,Spain,0.407150227,6.99880967
2017,Spain,0.428290672,7.293668965
2018,Spain,,
2000,Sweden,0.649886361,7.710581782
2001,Sweden,0.609314188,7.73828559
2002,Sweden,0.685915785,7.82350326
2003,Sweden,0.864596519,7.843610508
2004,Sweden,0.968590046,7.710141521
2005,Sweden,0.975624838,7.366967018
2006,Sweden,0.996724885,7.314741589
2007,Sweden,1.092116385,7.086768211
2008,Sweden,1.135183896,6.773880891
2009,Sweden,0.987995814,6.264353541
2010,Sweden,1.087045509,6.845702473
2011,Sweden,1.153410822,6.35989893
2012,Sweden,1.109976226,5.959723423
2013,Sweden,1.141489263,5.756517456
2014,Sweden,1.03539075,5.5541491
2015,Sweden,0.885476821,5.474741855
2016,Sweden,0.915303605,5.382553665
2017,Sweden,0.906920467,5.31659013
2018,Sweden,,
2000,Switzerland,0.415707322,7.328378989
2001,Switzerland,0.407862102,7.506916116
2002,Switzerland,0.431784181,7.238612577
2003,Switzerland,0.504245316,7.347026146
2004,Switzerland,0.547618371,7.377295825
2005,Switzerland,0.549474889,7.407002311
2006,Switzerland,0.542474947,7.285473469
2007,Switzerland,0.571535492,6.957925754
2008,Switzerland,0.668701083,7.072669506
2009,Switzerland,0.681348687,6.813991933
2010,Switzerland,0.743952686,6.930381906
2011,Switzerland,0.832918805,6.327143787
2012,Switzerland,0.787950833,6.425509546
2013,Switzerland,0.795812021,6.441016609
2014,Switzerland,0.816496289,5.893745835
2015,Switzerland,0.780514236,5.76318895
2016,Switzerland,0.66482882,5.749792927
2017,Switzerland,0.662027719,5.577116267
2018,Switzerland,,
2000,Turkey,0.082672862,4.726265349
2001,Turkey,0.07192408,4.368298254
2002,Turkey,0.113320493,4.391300427
2003,Turkey,0.152193827,4.623980816
2004,Turkey,0.164886086,4.699994837
2005,Turkey,0.212618249,4.966060272
2006,Turkey,0.209243175,5.209011081
2007,Turkey,0.243237526,5.6253581
2008,Turkey,0.261218128,5.504131876
2009,Turkey,0.230900762,5.545536469
2010,Turkey,0.291609998,5.51191916
2011,Turkey,0.272919825,5.821799576
2012,Turkey,0.268024925,5.986990283
2013,Turkey,0.312416018,5.781576518
2014,Turkey,0.269957053,5.929900871
2015,Turkey,0.237965283,6.012916587
2016,Turkey,0.23350685,6.24429728
2017,Turkey,0.214929078,6.487623429
2018,Turkey,,
2000,United Kingdom,0.594876187,12.14607887
2001,United Kingdom,0.554235682,12.15563311
2002,United Kingdom,0.585566848,11.78479394
2003,United Kingdom,0.650498631,11.85675073
2004,United Kingdom,0.754862846,11.74045015
2005,United Kingdom,0.743887207,11.53074464
2006,United Kingdom,0.752035654,11.31206966
2007,United Kingdom,0.847671019,11.00513776
2008,United Kingdom,0.78400063,10.55438661
2009,United Kingdom,0.68758717,9.547731209
2010,United Kingdom,0.711992967,9.681098984
2011,United Kingdom,0.739397905,8.858852832
2012,United Kingdom,0.737841126,9.045328422
2013,United Kingdom,0.763572888,8.769875776
2014,United Kingdom,0.833409902,8.093520895
2015,United Kingdom,0.788963976,7.773748887
2016,United Kingdom,0.717987695,7.346155199
2017,United Kingdom,0.701326843,7.108709033
2018,United Kingdom,,
2000,United States,,
2001,United States,,
2002,United States,,
2003,United States,,
2004,United States,,
2005,United States,,
2006,United States,,
2007,United States,,
2008,United States,,
2009,United States,,
2010,United States,,
2011,United States,,
2012,United States,,
2013,United States,,
2014,United States,,
2015,United States,,
2016,United States,,
2000,Albania,0.002331872,
2001,Albania,0.00255935,
2002,Albania,0.002832528,
2003,Albania,0.001039122,
2004,Albania,0.001396505,
2005,Albania,0.001496043,
2006,Albania,0.001769495,
2000,Argentina,0.100468756,7.602466353
2001,Argentina,0.097631258,7.428512704
2002,Argentina,0.040782747,7.14711217
2003,Argentina,0.046852717,7.518972893
2004,Argentina,0.050165788,7.746222368
2005,Argentina,0.055789943,7.906133928
2006,Argentina,0.058851267,8.181803195
2007,Argentina,0.065148454,8.46314791
2008,Argentina,0.081451673,8.27846429
2009,Argentina,0.081152518,7.967688538
2010,Argentina,0.099701067,7.352724492
2011,Argentina,0.110531705,7.509941761
2012,Argentina,0.140141484,7.440278846
2013,Argentina,0.137792263,7.607631845
2014,Argentina,0.131330916,7.565043717
2015,Argentina,0.143709674,
2016,Argentina,0.119241847,
2017,Argentina,0.144408138,
2018,Argentina,,
2008,Belize,0.000384588,
2009,Belize,0.004458852,
2010,Belize,0.002390957,
2011,Belize,0.00400017,
2012,Belize,0.00292011,
2013,Belize,0.002195501,
2014,Belize,0.001768704,
2015,Belize,0.001413032,
2016,Belize,0.002280136,
2017,Belize,0.001202847,
2000,Belize,,
2001,Belize,,
2002,Belize,,
2003,Belize,,
2004,Belize,,
2005,Belize,,
2006,Belize,,
2007,Belize,,
2000,Bolivia,,
2001,Bolivia,,
2002,Bolivia,,
2003,Bolivia,,
2004,Bolivia,,
2005,Bolivia,,
2006,Bolivia,,
2007,Bolivia,,
2008,Bolivia,,
2009,Bolivia,,
2010,Bolivia,,
2011,Bolivia,,
2012,Bolivia,,
2013,Bolivia,,
2014,Bolivia,,
2015,Bolivia,,
2016,Bolivia,,
2017,Bolivia,,
2004,Botswana,0.027768385,
2005,Botswana,0.012475286,
2006,Botswana,0.012656932,
2007,Botswana,0.010589413,
2008,Botswana,0.00963231,
2009,Botswana,0.009905324,
2010,Botswana,0.011609345,
2011,Botswana,0.010174625,
2012,Botswana,0.012567962,
2013,Botswana,0.010487013,
2014,Botswana,0.005526618,
2015,Botswana,0.005073758,
2016,Botswana,0.004561269,
2017,Botswana,0.005539945,
2013,Brazil,0.001691076,
2014,Brazil,5.39E-05,
2000,Brazil,,4.328978823
2000,Bulgaria,0.040084892,
2001,Bulgaria,0.04170855,
2002,Bulgaria,0.041990318,
2003,Bulgaria,0.068533704,
2004,Bulgaria,0.090918611,
2005,Bulgaria,0.098265713,
2006,Bulgaria,0.109380397,
2007,Bulgaria,0.166394758,
2008,Bulgaria,0.206055515,
2009,Bulgaria,0.173684142,
2010,Bulgaria,0.165239621,
2011,Bulgaria,0.185209846,
2012,Bulgaria,0.174357619,
2013,Bulgaria,0.187973622,
2014,Bulgaria,0.186038019,
2015,Bulgaria,0.177957145,
2016,Bulgaria,0.177184174,
2017,Bulgaria,0.18976362,
2018,Bulgaria,,
2000,Burkina Faso,0.001272318,
2001,Burkina Faso,0.000703331,
2002,Burkina Faso,0.002041552,
2003,Burkina Faso,0.002647649,
2004,Burkina Faso,0.003225414,
2005,Burkina Faso,0.003272628,
2006,Burkina Faso,0.003260788,
2007,Burkina Faso,0.003850539,
2008,Burkina Faso,0.004114985,
2009,Burkina Faso,0.003906718,
2010,Burkina Faso,0.004102732,
2011,Burkina Faso,0.004676744,
2012,Burkina Faso,0.005476895,
2013,Burkina Faso,0.003916114,
2014,Burkina Faso,0.005864257,
2015,Burkina Faso,0.006093056,
2016,Burkina Faso,0.006495051,
2017,Burkina Faso,0.008070604,
2000,Cameroon,0.005033665,
2001,Cameroon,0.005737995,
2002,Cameroon,0.005981927,
2003,Cameroon,0.006902441,
2004,Cameroon,0.00949962,
2005,Cameroon,0.008917237,
2006,Cameroon,0.009018707,
2007,Cameroon,0.009328103,
2008,Cameroon,0.009302344,
2009,Cameroon,0.009242128,
2010,Cameroon,0.009136121,
2011,Cameroon,0.009409802,
2012,Cameroon,0.009588059,
2013,Cameroon,0.010855358,
2014,Cameroon,0.012768578,
2015,Cameroon,0.010157918,
2016,Cameroon,0.009693124,
2017,Cameroon,0.010484583,
2000,Chile,0.064369409,4.991846425
2001,Chile,0.06256722,4.816391697
2002,Chile,0.059149871,4.857014987
2003,Chile,0.059291912,4.855377176
2004,Chile,0.065658935,5.158235619
2005,Chile,0.080036271,5.211346824
2006,Chile,0.080953954,5.231274963
2007,Chile,0.097755617,5.66574859
2008,Chile,0.075767637,5.641638041
2009,Chile,0.073030887,5.382304196
2010,Chile,0.104948088,5.38385876
2011,Chile,0.120778243,5.794568907
2012,Chile,0.130994021,6.005184318
2013,Chile,0.134627409,5.935991959
2014,Chile,0.134460227,5.713951638
2015,Chile,0.118126159,6.023772471
2016,Chile,0.121871065,6.133069604
2017,Chile,0.135975303,
2018,Chile,,
2000,China (People's Republic of),,
2001,China (People's Republic of),,
2002,China (People's Republic of),,
2003,China (People's Republic of),,
2004,China (People's Republic of),,
2005,China (People's Republic of),,
2006,China (People's Republic of),,
2007,China (People's Republic of),,
2008,China (People's Republic of),,
2009,China (People's Republic of),,
2010,China (People's Republic of),,
2011,China (People's Republic of),,
2012,China (People's Republic of),,
2013,China (People's Republic of),,
2014,China (People's Republic of),,
2015,China (People's Republic of),,
2000,Colombia,0.017930422,2.79574307
2001,Colombia,0.020005263,2.719814877
2002,Colombia,0.020343379,2.69028691
2003,Colombia,0.019396044,2.74634646
2004,Colombia,0.021631215,2.787129028
2005,Colombia,0.027435363,2.866247961
2006,Colombia,0.027830021,3.024267943
2007,Colombia,0.032870411,3.015271833
2008,Colombia,0.036568433,2.93810187
2009,Colombia,0.03313053,3.064517598
2010,Colombia,0.039605575,3.057044273
2011,Colombia,0.043345903,2.932769594
2012,Colombia,0.020956547,3.034970891
2001,Costa Rica,0.033725212,
2008,Costa Rica,0.114137791,
2009,Costa Rica,0.118947367,
2010,Costa Rica,0.133215333,2.733304773
2011,Costa Rica,0.15341783,
2012,Costa Rica,0.150215774,2.827933344
2013,Costa Rica,0.17055632,
2014,Costa Rica,0.156850851,
2015,Costa Rica,0.176666759,
2016,Costa Rica,0.177095835,
2017,Costa Rica,0.181641045,
2018,Costa Rica,,
2000,Costa Rica,,
2000,CÃ4te d'Ivoire,2.47E-05,
2001,CÃ4te d'Ivoire,1.89E-05,
2002,CÃ4te d'Ivoire,1.38E-05,
2003,CÃ4te d'Ivoire,1.49E-05,
2004,CÃ4te d'Ivoire,1.57E-05,
2005,CÃ4te d'Ivoire,1.26E-05,
2006,CÃ4te d'Ivoire,1.02E-05,
2007,CÃ4te d'Ivoire,8.03E-06,
2008,CÃ4te d'Ivoire,1.03E-05,
2009,CÃ4te d'Ivoire,9.62E-06,
2010,CÃ4te d'Ivoire,7.99E-06,
2011,CÃ4te d'Ivoire,6.13E-06,
2012,CÃ4te d'Ivoire,7.29E-06,
2013,CÃ4te d'Ivoire,7.43E-06,
2014,CÃ4te d'Ivoire,8.48E-06,
2015,CÃ4te d'Ivoire,7.66E-06,
2016,CÃ4te d'Ivoire,8.73E-06,
2017,CÃ4te d'Ivoire,9.13E-06,
2000,Croatia,0.156335654,
2001,Croatia,0.145271868,
2002,Croatia,0.197371492,
2003,Croatia,0.24653325,
2004,Croatia,0.277553408,
2005,Croatia,0.286779368,
2006,Croatia,0.30711987,
2007,Croatia,0.35476032,
2008,Croatia,0.383348125,
2009,Croatia,0.360005768,
2010,Croatia,0.384988504,
2011,Croatia,0.353447336,
2012,Croatia,0.312092617,
2013,Croatia,0.363180691,
2014,Croatia,0.401058109,
2015,Croatia,0.373364291,
2016,Croatia,0.404798875,
2017,Croatia,0.432001696,
2018,Croatia,,
2000,Cyprus,0.068983174,
2001,Cyprus,0.096667201,
2002,Cyprus,0.106146772,
2003,Cyprus,0.257623581,
2004,Cyprus,0.324850308,
2005,Cyprus,0.342888726,
2006,Cyprus,0.348505224,
2007,Cyprus,0.384912025,
2008,Cyprus,0.412807147,
2009,Cyprus,0.386108048,
2010,Cyprus,0.419009417,
2011,Cyprus,0.474568315,
2012,Cyprus,0.411139284,
2013,Cyprus,0.442129585,
2014,Cyprus,0.475866031,
2015,Cyprus,0.386238606,
2016,Cyprus,0.390209616,
2017,Cyprus,0.420881846,
2018,Cyprus,,
2001,Democratic Republic of the Congo,0.000112434,
2002,Democratic Republic of the Congo,0.000188825,
2003,Democratic Republic of the Congo,0.000381347,
2004,Democratic Republic of the Congo,0.000817862,
2005,Democratic Republic of the Congo,0.001443474,
2006,Democratic Republic of the Congo,0.0016251,
2007,Democratic Republic of the Congo,0.00207785,
2008,Democratic Republic of the Congo,0.002598277,
2009,Democratic Republic of the Congo,0.001783644,
2010,Democratic Republic of the Congo,0.001841154,
2011,Democratic Republic of the Congo,0.002534157,
2012,Democratic Republic of the Congo,0.002672341,
2013,Democratic Republic of the Congo,0.002601753,
2014,Democratic Republic of the Congo,0.002308823,
2015,Democratic Republic of the Congo,0.001866363,
2016,Democratic Republic of the Congo,0.001738273,
2017,Democratic Republic of the Congo,0.000624064,
2000,Democratic Republic of the Congo,,
2000,Dominican Republic,0.022928548,
2001,Dominican Republic,0.052334572,
2002,Dominican Republic,0.05277563,
2003,Dominican Republic,0.031846543,
2004,Dominican Republic,0.029449847,
2005,Dominican Republic,0.053402881,
2006,Dominican Republic,0.077346423,
2007,Dominican Republic,0.096792262,
2008,Dominican Republic,0.103817911,
2009,Dominican Republic,0.0881672,
2010,Dominican Republic,0.096916726,
2011,Dominican Republic,0.107830672,
2012,Dominican Republic,0.108736092,
2013,Dominican Republic,0.101197565,
2014,Dominican Republic,0.101087811,
2015,Dominican Republic,0.065862323,
2016,Dominican Republic,0.069658805,
2017,Dominican Republic,0.07368523,
2010,Ecuador,3.33E-07,
2000,Ecuador,,
2001,Ecuador,,
2002,Ecuador,,
2003,Ecuador,,
2004,Ecuador,,
2005,Ecuador,,
2006,Ecuador,,
2007,Ecuador,,
2008,Ecuador,,
2009,Ecuador,,
2011,Ecuador,,
2012,Ecuador,,
2013,Ecuador,,
2014,Ecuador,,
2015,Ecuador,,
2016,Ecuador,,
2017,Ecuador,,
2002,Egypt,0.001417653,
2003,Egypt,0.002000299,
2004,Egypt,0.001642303,
2005,Egypt,0.001873322,
2006,Egypt,0.003722939,
2007,Egypt,0.004444325,
2008,Egypt,0.003437638,
2009,Egypt,0.015539635,
2010,Egypt,0.016255411,
2011,Egypt,0.01613807,
2012,Egypt,0.017425445,
2013,Egypt,0.020298049,
2014,Egypt,0.006147592,
2015,Egypt,0.016882713,
2016,Egypt,0.013920707,
2017,Egypt,0.01928398,
2010,El Salvador,6.47E-07,
2011,El Salvador,1.61E-07,
2012,El Salvador,3.21E-07,
2015,El Salvador,0.001122508,
2016,El Salvador,0.001400222,
2001,El Salvador,,
2002,El Salvador,,
2003,El Salvador,,
2004,El Salvador,,
2005,El Salvador,,
2006,El Salvador,,
2007,El Salvador,,
2008,El Salvador,,
2009,El Salvador,,
2013,El Salvador,,
2014,El Salvador,,
2005,Equatorial Guinea,0.01960303,
2006,Equatorial Guinea,0.020243622,
2007,Equatorial Guinea,0.021845328,
2008,Equatorial Guinea,0.021932092,
2009,Equatorial Guinea,0.029682039,
2010,Equatorial Guinea,0.03533127,
2011,Equatorial Guinea,0.007772118,
2012,Equatorial Guinea,0.005358852,
2013,Equatorial Guinea,0.004821574,
2014,Equatorial Guinea,0.007190764,
2015,Equatorial Guinea,0.012743726,
2016,Equatorial Guinea,0.00911716,
2017,Equatorial Guinea,0.006990447,
2000,Estonia,0.050153991,12.40760454
2001,Estonia,0.071656395,12.76126558
2002,Estonia,0.079493787,12.45442336
2003,Estonia,0.110130788,13.91943355
2004,Estonia,0.158334372,14.20883123
2005,Estonia,0.198022351,14.16533692
2006,Estonia,0.226188756,13.70862541
2007,Estonia,0.296858948,16.53259515
2008,Estonia,0.347186372,14.95906026
2009,Estonia,0.370393821,12.54204275
2010,Estonia,0.375766739,15.92495025
2011,Estonia,0.414296592,16.01183776
2012,Estonia,0.419368589,15.24441811
2013,Estonia,0.423707497,16.63440171
2014,Estonia,0.467475972,16.06610483
2015,Estonia,0.414163746,13.7811036
2016,Estonia,0.476512468,14.93723467
2017,Estonia,0.511854351,15.8254154
2018,Estonia,,
2000,Ghana,0.005062128,
2001,Ghana,0.004568625,
2002,Ghana,0.006731674,
2003,Ghana,0.012915856,
2004,Ghana,0.016302635,
2005,Ghana,0.020374154,
2006,Ghana,0.019850792,
2007,Ghana,0.018776259,
2008,Ghana,0.015494763,
2009,Ghana,0.008185489,
2010,Ghana,0.007233204,
2011,Ghana,0.011424463,
2012,Ghana,0.011663129,
2013,Ghana,0.010099317,
2014,Ghana,0.007821894,
2015,Ghana,0.0211782,
2016,Ghana,0.035831048,
2017,Ghana,0.026299674,
2000,Guatemala,0.015361594,
2001,Guatemala,0.017294257,
2002,Guatemala,0.016755135,
2003,Guatemala,0.015079902,
2004,Guatemala,0.017392927,
2005,Guatemala,0.00485422,
2006,Guatemala,0.019073642,
2007,Guatemala,0.019474573,
2008,Guatemala,0.018305963,
2009,Guatemala,0.018693511,
2010,Guatemala,0.018481014,
2011,Guatemala,0.018262211,
2012,Guatemala,0.017581558,
2013,Guatemala,0.018749959,
2014,Guatemala,0.019859152,
2015,Guatemala,0.023302123,
2016,Guatemala,0.025353494,
2017,Guatemala,0.026522114,
2000,Honduras,0.026709063,
2001,Honduras,0.032278116,
2002,Honduras,0.030835008,
2003,Honduras,0.03045105,
2004,Honduras,0.035281156,
2005,Honduras,0.034996733,
2006,Honduras,0.035389515,
2007,Honduras,0.037806012,
2008,Honduras,0.036919141,
2009,Honduras,0.039166313,
2010,Honduras,0.040010378,
2011,Honduras,0.038502736,
2012,Honduras,0.040756574,
2013,Honduras,0.042510994,
2014,Honduras,0.047214144,
2015,Honduras,0.051589043,
2016,Honduras,0.054767477,
2017,Honduras,0.057675902,
2005,India,0.006364684,
2006,India,0.006213966,
2007,India,0.006760217,
2008,India,0.006783239,
2009,India,0.006525793,
2010,India,0.007740189,1.702083604
2011,India,0.010538212,
2000,Israel,0.243115607,11.29558965
2001,Israel,0.236650217,
2002,Israel,0.236544891,
2003,Israel,0.263320407,11.37995156
2004,Israel,0.290278091,11.23778494
2005,Israel,0.315572474,11.08824009
2006,Israel,0.34883494,11.04404922
2007,Israel,0.419998808,11.23536077
2008,Israel,0.511692916,11.17178092
2009,Israel,0.478431613,10.37104162
2010,Israel,0.5640345,10.51333066
2011,Israel,0.629045578,10.57653509
2012,Israel,0.597017234,11.1659497
2013,Israel,0.610270111,10.28708787
2014,Israel,0.618109942,9.798222636
2000,Kazakhstan,0.00054876,
2001,Kazakhstan,0.018840785,
2002,Kazakhstan,0.013286228,
2003,Kazakhstan,0.04250239,
2004,Kazakhstan,0.020145225,
2005,Kazakhstan,0.048172076,
2006,Kazakhstan,0.107742567,
2007,Kazakhstan,0.099881532,
2008,Kazakhstan,0.203876391,
2009,Kazakhstan,0.142671811,
2010,Kazakhstan,0.332367294,
2011,Kazakhstan,0.417318,
2012,Kazakhstan,0.417097598,
2013,Kazakhstan,0.363781632,
2014,Kazakhstan,0.316502432,
2015,Kazakhstan,0.124777074,
2016,Kazakhstan,0.052554997,
2017,Kazakhstan,0.116132264,
2001,Kenya,0.009975625,
2002,Kenya,0.009729778,
2003,Kenya,0.009810293,
2004,Kenya,0.009935214,
2005,Kenya,0.011032959,
2006,Kenya,0.011759689,
2007,Kenya,0.012987233,
2008,Kenya,0.012495306,
2009,Kenya,0.012627244,
2010,Kenya,0.013106996,
2011,Kenya,0.011721127,
2012,Kenya,0.011222915,
2013,Kenya,0.010921818,
2014,Kenya,0.012665957,
2015,Kenya,0.011505913,
2016,Kenya,0.002093329,
2000,Latvia,0.060511713,4.398951408
2001,Latvia,0.058082265,4.689960821
2002,Latvia,0.070234098,4.734537806
2003,Latvia,0.095894997,4.866596844
2004,Latvia,0.12884118,4.917582962
2005,Latvia,0.159213427,5.056816264
2006,Latvia,0.178498766,5.340876191
2007,Latvia,0.241268666,5.613701265
2008,Latvia,0.296824223,5.468740558
2009,Latvia,0.375420089,5.210853867
2010,Latvia,0.321547251,5.795221476
2011,Latvia,0.335884593,5.487850149
2012,Latvia,0.342871836,5.474801573
2013,Latvia,0.42772146,5.506110174
2014,Latvia,0.48691137,5.528093923
2015,Latvia,0.424346803,5.63451212
2016,Latvia,0.439948538,5.707806703
2017,Latvia,0.470500954,5.79478929
2018,Latvia,,
2000,Lithuania,0.057220743,5.569432601
2001,Lithuania,0.064428984,5.830539756
2002,Lithuania,0.082830035,5.99401819
2003,Lithuania,0.108544278,6.094830169
2004,Lithuania,0.122265488,6.401708421
2005,Lithuania,0.135610908,6.832471707
2006,Lithuania,0.149584555,7.005654599
2007,Lithuania,0.19283832,7.76143209
2008,Lithuania,0.227110241,7.57014187
2009,Lithuania,0.2251952,6.28598004
2010,Lithuania,0.208747609,6.635617552
2011,Lithuania,0.224362895,6.906188035
2012,Lithuania,0.217739852,6.970467838
2013,Lithuania,0.237228883,6.628852439
2014,Lithuania,0.259396776,6.699570049
2015,Lithuania,0.235644326,6.891713895
2016,Lithuania,0.25926172,6.986012033
2017,Lithuania,0.289866273,7.175510531
2018,Lithuania,,
2004,Madagascar,0.004209798,
2005,Madagascar,0.004204514,
2006,Madagascar,0.005529425,
2007,Madagascar,0.006604928,
2008,Madagascar,0.008922422,
2009,Madagascar,0.005650559,
2010,Madagascar,0.006106619,
2011,Madagascar,0.007058371,
2012,Madagascar,0.006099574,
2013,Madagascar,0.008629144,
2014,Madagascar,0.006650559,
2015,Madagascar,0.005618163,
2016,Madagascar,0.004704477,
2017,Madagascar,0.005544903,
2005,Malaysia,1.03E-05,
2006,Malaysia,1.04E-05,
2008,Malaysia,1.10E-05,
2009,Malaysia,1.02E-05,
2010,Malaysia,1.10E-05,
2011,Malaysia,1.14E-05,
2012,Malaysia,1.11E-05,
2014,Malaysia,4.09E-05,
2015,Malaysia,1.69E-05,
2016,Malaysia,1.57E-05,
2000,Malaysia,,
2001,Malaysia,,
2002,Malaysia,,
2003,Malaysia,,
2004,Malaysia,,
2007,Malaysia,,
2013,Malaysia,,
2000,Mali,0.00432332,
2001,Mali,0.003429592,
2002,Mali,0.003724146,
2003,Mali,0.004843736,
2004,Mali,0.004680947,
2005,Mali,0.003916087,
2006,Mali,0.00240287,
2007,Mali,0.005625481,
2008,Mali,0.005526309,
2009,Mali,0.003340345,
2010,Mali,0.003442607,
2011,Mali,0.000639849,
2012,Mali,0.003092902,
2013,Mali,0.002742274,
2014,Mali,0.003319552,
2015,Mali,0.009042322,
2016,Mali,0.009447246,
2017,Mali,0.008146743,
2000,Malta,0.137231391,
2001,Malta,0.149064906,
2002,Malta,0.14533758,
2003,Malta,0.158602298,
2004,Malta,0.174090164,
2005,Malta,0.191123885,
2006,Malta,0.207343785,
2007,Malta,0.329539492,
2008,Malta,0.308437507,
2009,Malta,0.292368773,
2010,Malta,0.296439167,
2011,Malta,0.357244087,
2012,Malta,0.330339087,
2013,Malta,0.335557933,
2014,Malta,0.394965015,
2015,Malta,0.353612772,
2016,Malta,0.366701139,
2017,Malta,0.397348922,
2018,Malta,,
2007,Mauritania,0.035638586,
2008,Mauritania,0.054705108,
2009,Mauritania,0.055908397,
2010,Mauritania,0.051216301,
2011,Mauritania,0.056066643,
2012,Mauritania,0.058929923,
2013,Mauritania,0.056982363,
2014,Mauritania,0.055787055,
2015,Mauritania,0.07929508,
2016,Mauritania,0.112660116,
2017,Mauritania,0.113157903,
2007,Mauritius,0.050189239,
2008,Mauritius,0.055646022,
2009,Mauritius,0.055649697,
2010,Mauritius,0.063010386,
2011,Mauritius,0.084033399,
2012,Mauritius,0.082262389,
2013,Mauritius,0.079609991,
2014,Mauritius,0.083610702,
2015,Mauritius,0.074553558,
2016,Mauritius,0.076661621,
2017,Mauritius,0.083539937,
2006,Mauritius,,
2000,Morocco,0.029721148,
2001,Morocco,0.030212362,
2002,Morocco,0.030739746,
2003,Morocco,0.035645876,
2004,Morocco,0.034808606,
2005,Morocco,0.038413311,
2006,Morocco,0.039708598,
2007,Morocco,0.045196506,
2008,Morocco,0.050679005,
2009,Morocco,0.052098514,
2010,Morocco,0.050502137,
2011,Morocco,0.056916996,
2012,Morocco,0.053205807,
2013,Morocco,0.05523156,
2014,Morocco,0.056904908,
2015,Morocco,0.00521397,
2016,Morocco,0.002900564,
2017,Morocco,0.002944837,
2000,Nicaragua,0.021128714,
2001,Nicaragua,0.018363899,
2002,Nicaragua,0.018813548,
2003,Nicaragua,0.019595757,
2004,Nicaragua,0.018928113,
2005,Nicaragua,0.019296184,
2006,Nicaragua,0.019056154,
2007,Nicaragua,0.02043661,
2008,Nicaragua,0.019694091,
2009,Nicaragua,0.019481204,
2010,Nicaragua,0.021698616,
2011,Nicaragua,0.020397982,
2012,Nicaragua,0.021617944,
2013,Nicaragua,0.022802782,
2014,Nicaragua,0.024692914,
2015,Nicaragua,0.025915947,
2016,Nicaragua,0.027831192,
2017,Nicaragua,0.028842526,
2000,Niger,0.000534613,
2001,Niger,0.000653541,
2002,Niger,0.000787121,
2003,Niger,0.001028623,
2004,Niger,0.001029643,
2005,Niger,0.000925981,
2006,Niger,0.000890203,
2007,Niger,0.001075762,
2008,Niger,0.001023676,
2009,Niger,0.001276831,
2010,Niger,0.001434036,
2011,Niger,0.001592367,
2012,Niger,0.002107421,
2013,Niger,0.001552721,
2014,Niger,0.001252379,
2015,Niger,0.001637914,
2016,Niger,0.001030892,
2017,Niger,0.000850184,
2000,Panama,0.035898035,
2001,Panama,0.034591074,
2002,Panama,0.036703348,
2003,Panama,0.036378299,
2004,Panama,0.030786491,
2005,Panama,0.020839452,
2006,Panama,0.025348552,
2007,Panama,0.0260517,
2008,Panama,0.02440814,
2009,Panama,0.031125261,
2010,Panama,0.026496346,
2011,Panama,0.024318497,
2012,Panama,0.026760214,
2013,Panama,0.030603213,
2014,Panama,0.034159286,
2015,Panama,0.061036062,
2016,Panama,0.052899712,
2017,Panama,0.046147526,
2000,Paraguay,0.017064541,
2001,Paraguay,0.019110824,
2002,Paraguay,0.011384577,
2003,Paraguay,0.016783825,
2004,Paraguay,0.02432312,
2005,Paraguay,0.019142717,
2006,Paraguay,0.024867196,
2007,Paraguay,0.033149341,
2008,Paraguay,0.038706388,
2009,Paraguay,0.035713185,
2010,Paraguay,0.038061836,
2011,Paraguay,0.050029989,
2012,Paraguay,0.051234834,
2013,Paraguay,0.050758394,
2014,Paraguay,0.060686346,
2015,Paraguay,0.050992966,
2016,Paraguay,0.047629214,
2017,Paraguay,0.052661416,
2000,Peru,0.024012069,
2001,Peru,0.025707436,
2002,Peru,0.032469915,
2003,Peru,0.035521273,
2004,Peru,0.034871457,
2005,Peru,0.029902312,
2006,Peru,0.027867428,
2007,Peru,0.029254034,
2008,Peru,0.020101063,
2009,Peru,0.027660241,
2010,Peru,0.031957084,
2011,Peru,0.031183612,
2012,Peru,0.031788582,
2013,Peru,0.03525581,
2014,Peru,0.028336173,
2015,Peru,0.026206847,
2016,Peru,0.026204005,
2017,Peru,0.028940222,
2000,Philippines,0.008210047,
2001,Philippines,0.006076698,
2002,Philippines,0.005229431,
2003,Philippines,0.004741104,
2004,Philippines,0.003835756,
2005,Philippines,0.00393433,
2006,Philippines,0.002872759,
2007,Philippines,0.002432424,
2008,Philippines,0.002824471,
2009,Philippines,0.002898593,
2010,Philippines,0.002319522,
2011,Philippines,0.002406852,
2012,Philippines,0.002474678,
2013,Philippines,0.002026103,
2014,Philippines,0.002110799,
2015,Philippines,0.002558513,
2016,Philippines,0.00266308,
2017,Philippines,0.002926181,
2000,Romania,0.045689013,
2001,Romania,0.027641967,
2002,Romania,0.031735834,
2003,Romania,0.059303688,
2004,Romania,0.080209789,
2005,Romania,0.089299266,
2006,Romania,0.102749832,
2007,Romania,0.137913139,
2008,Romania,0.138457577,
2009,Romania,0.128392656,
2010,Romania,0.144996302,
2011,Romania,0.153838736,
2012,Romania,0.14438318,
2013,Romania,0.16371142,
2014,Romania,0.20464258,
2015,Romania,0.193678632,
2016,Romania,0.198468753,
2017,Romania,0.195423458,
2018,Romania,,
2000,Rwanda,0.002541189,
2001,Rwanda,0.001503435,
2002,Rwanda,0.001473349,
2003,Rwanda,0.001416825,
2004,Rwanda,0.001456711,
2005,Rwanda,0.001321008,
2006,Rwanda,0.00113719,
2007,Rwanda,0.000997869,
2008,Rwanda,0.001259169,
2009,Rwanda,0.002986884,
2010,Rwanda,0.005285209,
2011,Rwanda,0.006529372,
2012,Rwanda,0.005167556,
2013,Rwanda,0.005146724,
2014,Rwanda,0.004933222,
2015,Rwanda,0.00573917,
2016,Rwanda,0.005416825,
2017,Rwanda,0.005020132,
2005,Samoa,0.00598146,
2006,Samoa,0.004185234,
2007,Samoa,0.005333846,
2008,Samoa,0.005494625,
2002,Senegal,0.006710721,
2003,Senegal,0.009140281,
2004,Senegal,0.010786593,
2005,Senegal,0.010701414,
2006,Senegal,0.011257331,
2007,Senegal,0.017433699,
2008,Senegal,0.018125817,
2009,Senegal,0.015658092,
2010,Senegal,0.012119362,
2011,Senegal,0.013532877,
2012,Senegal,0.012575147,
2013,Senegal,0.010741575,
2014,Senegal,0.017436722,
2015,Senegal,0.015189612,
2016,Senegal,0.020154582,
2017,Senegal,0.012255572,
2008,Seychelles,0.286423438,
2009,Seychelles,0.256906199,
2010,Seychelles,0.365880381,
2011,Seychelles,0.393787684,
2012,Seychelles,0.354612992,
2013,Seychelles,0.392346649,
2014,Seychelles,0.394017874,
2015,Seychelles,0.390172771,
2016,Seychelles,0.416441161,
2017,Seychelles,0.497583439,
2004,Singapore,0.051419587,
2005,Singapore,0.052536598,
2006,Singapore,0.051179332,
2007,Singapore,0.055938361,
2008,Singapore,0.058901003,
2009,Singapore,0.057170338,
2010,Singapore,0.059888096,
2011,Singapore,0.06298645,
2012,Singapore,0.062294242,
2013,Singapore,0.061105496,
2014,Singapore,0.060274959,
2015,Singapore,0.076220512,
2016,Singapore,0.076433085,
2017,Singapore,0.105044427,
2000,Slovenia,0.267508842,9.596733427
2001,Slovenia,0.297552601,10.06017891
2002,Slovenia,0.326146739,10.15264597
2003,Slovenia,0.379123226,10.01074575
2004,Slovenia,0.436229353,10.15814686
2005,Slovenia,0.43597301,10.28555338
2006,Slovenia,0.450408929,10.34103815
2007,Slovenia,0.542385971,10.36075339
2008,Slovenia,0.630116226,10.66348418
2009,Slovenia,0.749618818,9.637859443
2010,Slovenia,0.732493334,9.604838852
2011,Slovenia,0.777291523,9.571979517
2012,Slovenia,0.774895934,9.263312836
2013,Slovenia,0.855562449,8.898739288
2014,Slovenia,0.870274942,8.041428052
2015,Slovenia,0.776130637,8.120798629
2016,Slovenia,0.817191647,8.524365239
2017,Slovenia,0.85050436,8.40567185
2018,Slovenia,,
2000,South Africa,0.052728232,
2001,South Africa,0.042464867,
2002,South Africa,0.035694657,
2003,South Africa,0.05147941,
2004,South Africa,0.066006909,
2005,South Africa,0.07802071,
2006,South Africa,0.07810639,
2007,South Africa,0.090825372,
2008,South Africa,0.080027988,
2009,South Africa,0.091955956,
2010,South Africa,0.133176004,
2011,South Africa,0.152903831,
2012,South Africa,0.146012507,
2013,South Africa,0.134600242,
2014,South Africa,0.129723418,
2015,South Africa,0.139020325,
2016,South Africa,0.124579984,
2017,South Africa,0.14805062,
2000,Eswatini,0.010808289,
2001,Eswatini,0.01040639,
2002,Eswatini,0.007621775,
2003,Eswatini,0.010382325,
2004,Eswatini,0.011559145,
2005,Eswatini,0.011196662,
2006,Eswatini,0.012868511,
2007,Eswatini,0.008548402,
2008,Eswatini,0.008525184,
2009,Eswatini,0.010189491,
2010,Eswatini,0.018927708,
2011,Eswatini,0.0264685,
2012,Eswatini,0.043049797,
2013,Eswatini,0.052358988,
2014,Eswatini,0.04821547,
2015,Eswatini,0.047337139,
2000,Togo,0.003348018,
2001,Togo,0.002394831,
2002,Togo,0.002414836,
2003,Togo,0.004252219,
2004,Togo,0.004590537,
2005,Togo,0.003976732,
2006,Togo,0.008074781,
2007,Togo,0.005608949,
2008,Togo,0.009108697,
2009,Togo,0.004211914,
2010,Togo,0.003605602,
2011,Togo,0.004095702,
2012,Togo,0.004033035,
2013,Togo,0.018946267,
2014,Togo,0.010286219,
2015,Togo,0.00753445,
2016,Togo,0.008276085,
2017,Togo,0.008611704,
2008,Trinidad and Tobago,0.011671811,
2009,Trinidad and Tobago,0.011233071,
2010,Trinidad and Tobago,0.012395493,
2011,Trinidad and Tobago,0.011799308,
2012,Trinidad and Tobago,0.011414961,
2013,Trinidad and Tobago,0.011764723,
2014,Trinidad and Tobago,0.010713942,
2015,Trinidad and Tobago,0.010058146,
2016,Trinidad and Tobago,0.014352157,
2017,Trinidad and Tobago,0.010830455,
2000,Trinidad and Tobago,,
2001,Trinidad and Tobago,,
2002,Trinidad and Tobago,,
2003,Trinidad and Tobago,,
2004,Trinidad and Tobago,,
2005,Trinidad and Tobago,,
2006,Trinidad and Tobago,,
2007,Trinidad and Tobago,,
2000,Tunisia,0.019538445,
2001,Tunisia,0.019161694,
2002,Tunisia,0.01938111,
2003,Tunisia,0.020836413,
2004,Tunisia,0.022031019,
2005,Tunisia,0.020514154,
2006,Tunisia,0.019369465,
2007,Tunisia,0.020523975,
2008,Tunisia,0.020417642,
2009,Tunisia,0.018082613,
2010,Tunisia,0.017604578,
2011,Tunisia,0.017590044,
2012,Tunisia,0.015523749,
2013,Tunisia,0.014498652,
2014,Tunisia,0.014854841,
2015,Tunisia,0.013889506,
2016,Tunisia,0.026720325,
2017,Tunisia,0.02548691,
2000,Uganda,0.005070494,
2001,Uganda,0.00465448,
2002,Uganda,0.004910904,
2003,Uganda,0.004717414,
2004,Uganda,0.005556889,
2005,Uganda,0.006269047,
2006,Uganda,0.007644408,
2007,Uganda,0.010180241,
2008,Uganda,0.012086988,
2009,Uganda,0.010768902,
2010,Uganda,0.011199154,
2011,Uganda,0.010256813,
2012,Uganda,0.011340444,
2013,Uganda,0.010073255,
2014,Uganda,0.011951767,
2015,Uganda,0.01057968,
2016,Uganda,0.01104414,
2017,Uganda,0.011688824,
2000,Uruguay,0.101263535,
2001,Uruguay,0.100832333,
2002,Uruguay,0.058913797,
2003,Uruguay,0.044995564,
2004,Uruguay,0.048203726,
2005,Uruguay,0.060265838,
2006,Uruguay,0.067078787,
2007,Uruguay,0.07281242,
2008,Uruguay,0.063406583,
2009,Uruguay,0.072251764,
2010,Uruguay,0.097221036,
2011,Uruguay,0.129813181,
2012,Uruguay,0.133274736,
2013,Uruguay,0.14791753,
2014,Uruguay,0.149487463,
2015,Uruguay,0.151182601,
2016,Uruguay,0.147387416,
2017,Uruguay,0.173806139,
2000,Venezuela,,
2001,Venezuela,,
2002,Venezuela,,
2003,Venezuela,,
2004,Venezuela,,
2005,Venezuela,,
2006,Venezuela,,
2007,Venezuela,,
2008,Venezuela,,
2009,Venezuela,,
2010,Venezuela,,
2003,Serbia,0.062306128,
2004,Serbia,0.069118866,
2005,Serbia,0.071541225,
2006,Serbia,0.085007806,
2007,Serbia,0.103173223,
2008,Serbia,0.117106148,
2009,Serbia,0.124284052,
2010,Serbia,0.11605584,
2011,Serbia,0.137551302,
2012,Serbia,0.116618845,
2013,Serbia,0.144420742,
2014,Serbia,0.163429825,
2015,Serbia,0.150016498,
2016,Serbia,0.164218441,
2005,Montenegro,0.107581588,
2006,Montenegro,0.122824963,
2000,OECD - Total,,
2001,OECD - Total,,
2002,OECD - Total,,
2003,OECD - Total,,
2004,OECD - Total,,
2005,OECD - Total,,
2006,OECD - Total,,
2007,OECD - Total,,
2008,OECD - Total,,
2009,OECD - Total,,
2010,OECD - Total,,
2011,OECD - Total,,
2012,OECD - Total,,
2013,OECD - Total,,
2014,OECD - Total,,
2015,OECD - Total,,
2016,OECD - Total,,
2017,OECD - Total,,
2018,OECD - Total,,
2000,OECD - Europe,,
2001,OECD - Europe,,
2002,OECD - Europe,,
2003,OECD - Europe,,
2004,OECD - Europe,,
2005,OECD - Europe,,
2006,OECD - Europe,,
2007,OECD - Europe,,
2008,OECD - Europe,,
2009,OECD - Europe,,
2010,OECD - Europe,,
2011,OECD - Europe,,
2012,OECD - Europe,,
2013,OECD - Europe,,
2014,OECD - Europe,,
2015,OECD - Europe,,
2016,OECD - Europe,,
2017,OECD - Europe,,
2018,OECD - Europe,,
2000,OECD Asia Oceania,,
2001,OECD Asia Oceania,,
2002,OECD Asia Oceania,,
2003,OECD Asia Oceania,,
2004,OECD Asia Oceania,,
2005,OECD Asia Oceania,,
2006,OECD Asia Oceania,,
2007,OECD Asia Oceania,,
2008,OECD Asia Oceania,,
2009,OECD Asia Oceania,,
2010,OECD Asia Oceania,,
2011,OECD Asia Oceania,,
2012,OECD Asia Oceania,,
2013,OECD Asia Oceania,,
2014,OECD Asia Oceania,,
2015,OECD Asia Oceania,,
2016,OECD Asia Oceania,,
2017,OECD Asia Oceania,,
2018,OECD Asia Oceania,,
2000,OECD America,,
2001,OECD America,,
2002,OECD America,,
2003,OECD America,,
2004,OECD America,,
2005,OECD America,,
2006,OECD America,,
2007,OECD America,,
2008,OECD America,,
2009,OECD America,,
2010,OECD America,,
2011,OECD America,,
2012,OECD America,,
2013,OECD America,,
2014,OECD America,,
2015,OECD America,,
2016,OECD America,,
2017,OECD America,,
2018,OECD America,,
2000,Bahamas,,
2001,Bahamas,,
2002,Bahamas,,
2003,Bahamas,,
2004,Bahamas,,
2005,Bahamas,,
2006,Bahamas,,
2007,Bahamas,,
2008,Bahamas,,
2009,Bahamas,,
2010,Bahamas,,
2011,Bahamas,,
2012,Bahamas,,
2013,Bahamas,,
2014,Bahamas,,
2015,Bahamas,,
2016,Bahamas,,
2017,Bahamas,,
2000,Guyana,,
2001,Guyana,,
2002,Guyana,,
2003,Guyana,,
2004,Guyana,,
2005,Guyana,,
2006,Guyana,,
2007,Guyana,,
2008,Guyana,,
2009,Guyana,,
2010,Guyana,,
2011,Guyana,,
2012,Guyana,,
2013,Guyana,,
2014,Guyana,,
2015,Guyana,,
2016,Guyana,,
2017,Guyana,,
2000,Jamaica,,
2001,Jamaica,,
2002,Jamaica,,
2003,Jamaica,,
2004,Jamaica,,
2005,Jamaica,,
2006,Jamaica,,
2007,Jamaica,,
2008,Jamaica,,
2009,Jamaica,,
2010,Jamaica,,
2011,Jamaica,,
2012,Jamaica,,
2013,Jamaica,,
2014,Jamaica,,
2015,Jamaica,,
2016,Jamaica,,
2017,Jamaica,,
2010,Nigeria,,
2011,Nigeria,,
2012,Nigeria,,
2013,Nigeria,,
2014,Nigeria,,
2015,Nigeria,,
2000,Papua New Guinea,,
2001,Papua New Guinea,,
2002,Papua New Guinea,,
2003,Papua New Guinea,,
2004,Papua New Guinea,,
2005,Papua New Guinea,,
2006,Papua New Guinea,,
2007,Papua New Guinea,,
2008,Papua New Guinea,,
2009,Papua New Guinea,,
2010,Papua New Guinea,,
2011,Papua New Guinea,,
2012,Papua New Guinea,,
2013,Papua New Guinea,,
2014,Papua New Guinea,,
2015,Papua New Guinea,,
2016,Papua New Guinea,,
2017,Papua New Guinea,,
2000,Cabo Verde,,
2001,Cabo Verde,,
2002,Cabo Verde,,
2003,Cabo Verde,,
2004,Cabo Verde,,
2005,Cabo Verde,,
2006,Cabo Verde,,
2007,Cabo Verde,,
2008,Cabo Verde,,
2009,Cabo Verde,,
2010,Cabo Verde,,
2011,Cabo Verde,,
2012,Cabo Verde,,
2013,Cabo Verde,,
2014,Cabo Verde,,
2015,Cabo Verde,,
2016,Cabo Verde,,
2017,Cabo Verde,,
2016,Fiji,,
2017,Fiji,,
2007,Solomon Islands,,
2008,Solomon Islands,,
2009,Solomon Islands,,
2010,Solomon Islands,,
2011,Solomon Islands,,
2012,Solomon Islands,,
2013,Solomon Islands,,
2014,Solomon Islands,,
2015,Solomon Islands,,
2016,Solomon Islands,,
2017,Solomon Islands,,