Year,Country,Energy_fit,GHW_fit
2000,Australia,0.379919494,0.824647891
2001,Australia,0.344337826,0.826937011
2002,Australia,0.371974478,0.824025947
2003,Australia,0.435774458,0.759704248
2004,Australia,0.503081593,0.730283988
2005,Australia,0.518924929,0.712984629
2006,Australia,0.53091356,0.690575116
2007,Australia,0.598866991,0.693915078
2008,Australia,0.586114488,0.702675188
2009,Australia,0.548286522,0.68505482
2010,Australia,0.664330577,0.686669913
2011,Australia,0.7519076,0.645319669
2012,Australia,0.92827255,0.566892716
2013,Australia,0.888226969,0.53170384
2014,Australia,0.720938205,0.529322364
2015,Australia,0.548330703,0.499284968
2016,Australia,0.551311457,0.511395306
2000,Austria,0.375433806,0.367208533
2001,Austria,0.401687505,0.353862274
2002,Austria,0.439766385,0.351974693
2003,Austria,0.553461136,0.350615929
2004,Austria,0.65434676,0.356580839
2005,Austria,0.655453656,0.338152571
2006,Austria,0.639207178,0.322401783
2007,Austria,0.733052224,0.305918847
2008,Austria,0.808316585,0.291445989
2009,Austria,0.740152052,0.272879891
2010,Austria,0.722103533,0.256595257
2011,Austria,0.823585991,0.241631603
2012,Austria,0.760190915,0.228445949
2013,Austria,0.790409658,0.213150922
2014,Austria,0.773703586,0.199734887
2015,Austria,0.666609745,0.188697296
2016,Austria,0.665007946,0.178029784
2017,Austria,0.707867389,0.168291439
2018,Austria,,
2000,Belgium,0.323822029,0.384113629
2001,Belgium,0.314977596,0.340825675
2002,Belgium,0.33279086,0.34072911
2003,Belgium,0.421854666,0.306816979
2004,Belgium,0.510679651,0.308648338
2005,Belgium,0.527664235,0.28967169
2006,Belgium,0.500624512,0.285932349
2007,Belgium,0.577900171,0.279458356
2008,Belgium,0.59088992,0.257927532
2009,Belgium,0.573512049,0.239626686
2010,Belgium,0.590151421,0.228520665
2011,Belgium,0.646873757,0.207869357
2012,Belgium,0.579809217,0.199019968
2013,Belgium,0.567438001,0.164263016
2014,Belgium,0.594954829,0.147436755
2015,Belgium,0.521189844,0.141442573
2016,Belgium,0.583422102,0.130714885
2017,Belgium,0.639707325,0.129321285
2018,Belgium,,
2000,Canada,0.260857465,0.660374092
2001,Canada,0.251265768,0.639726293
2002,Canada,0.250385236,0.652580099
2003,Canada,0.29601243,0.633823102
2004,Canada,0.316167974,0.64521876
2005,Canada,0.34082926,0.626607259
2006,Canada,0.365143627,0.650107382
2007,Canada,0.388284947,0.632872331
2008,Canada,0.388360777,0.591781607
2009,Canada,0.371326719,0.552923978
2010,Canada,0.421575552,0.538287883
2011,Canada,0.465041908,0.528046458
2012,Canada,0.470314456,0.50762984
2013,Canada,0.461645144,0.516591813
2014,Canada,0.429572729,0.524277641
2000,Czech Republic,,
2001,Czech Republic,,
2002,Czech Republic,,
2003,Czech Republic,,
2004,Czech Republic,,
2005,Czech Republic,,
2006,Czech Republic,,
2007,Czech Republic,,
2008,Czech Republic,,
2009,Czech Republic,,
2010,Czech Republic,,
2011,Czech Republic,,
2012,Czech Republic,,
2013,Czech Republic,,
2014,Czech Republic,,
2015,Czech Republic,,
2016,Czech Republic,,
2017,Czech Republic,,
2018,Czech Republic,,
2000,Denmark,0.853622937,0.281747033
2001,Denmark,0.877135358,0.287269326
2002,Denmark,0.95284859,0.291969473
2003,Denmark,1.132751113,0.293121103
2004,Denmark,1.283901877,0.235816585
2005,Denmark,1.228712908,0.233132554
2006,Denmark,1.161755622,0.242863307
2007,Denmark,1.364164741,0.239639337
2008,Denmark,1.374446476,0.234283198
2009,Denmark,1.347531996,0.225145208
2010,Denmark,1.369468189,0.211538784
2011,Denmark,1.481182809,0.209507288
2012,Denmark,1.391551708,0.200688159
2013,Denmark,1.470348618,0.195839878
2014,Denmark,1.446166528,0.194052504
2015,Denmark,1.173937959,0.190583956
2016,Denmark,1.18793906,0.196750468
2017,Denmark,1.149269304,0.199920381
2018,Denmark,,
2000,Finland,0.467731493,0.742108882
2001,Finland,0.46904427,0.709601334
2002,Finland,0.516142732,0.658137503
2003,Finland,0.624231075,0.617067073
2004,Finland,0.702542742,0.584452064
2005,Finland,0.693977276,0.536887426
2006,Finland,0.71171106,0.549056654
2007,Finland,0.76703863,0.527480109
2008,Finland,0.887687867,0.502855745
2009,Finland,0.808666023,0.48333591
2010,Finland,0.800220434,0.481429368
2011,Finland,1.019206551,0.464220833
2012,Finland,0.956544776,0.452308122
2013,Finland,0.976845676,0.428724372
2014,Finland,0.978030948,0.404034489
2015,Finland,0.847613849,0.389285016
2016,Finland,0.917683059,0.362605621
2017,Finland,0.912329816,0.342614144
2018,Finland,,
2000,France,0.406974999,0.373110458
2001,France,0.37613343,0.373644549
2002,France,0.427901766,0.372957412
2003,France,0.512106809,0.370286654
2004,France,0.586285569,0.362621772
2005,France,0.578280873,0.356670261
2006,France,0.590011036,0.351723256
2007,France,0.632355383,0.343595893
2008,France,0.667032888,0.338538538
2009,France,0.626129275,0.32670037
2010,France,0.602314251,0.327253931
2011,France,0.659707806,0.317286456
2012,France,0.614776262,0.303675775
2013,France,0.675329647,0.294524714
2014,France,0.676949958,0.289158272
2015,France,0.630803138,0.271883004
2016,France,0.657284321,0.266755356
2017,France,0.708016267,0.269098901
2000,Germany,0.472224914,0.351803776
2001,Germany,0.500661699,0.331134654
2002,Germany,0.551778507,0.31369087
2003,Germany,0.69838927,0.294802921
2004,Germany,0.741837731,0.277062191
2005,Germany,0.714647164,0.259274814
2006,Germany,0.726139071,0.239330479
2007,Germany,0.769019921,0.2236367
2008,Germany,0.832231666,0.208990169
2009,Germany,0.813750862,0.194311812
2010,Germany,0.761912285,0.180525552
2011,Germany,0.847501625,0.171016343
2012,Germany,0.775366575,0.161031909
2013,Germany,0.79316673,0.151927
2014,Germany,0.794749514,0.143326875
2015,Germany,0.653894106,0.136511486
2016,Germany,0.651521715,0.130147845
2017,Germany,0.584874141,0.123175695
2018,Germany,,
2000,Greece,0.181087831,0.482658661
2001,Greece,0.181791067,0.411106093
2002,Greece,0.182884964,0.405271881
2003,Greece,0.232789568,0.414824155
2004,Greece,0.262923172,0.414686329
2005,Greece,0.271213919,0.424471795
2006,Greece,0.280163995,0.441783455
2007,Greece,0.339570685,0.428326087
2008,Greece,0.358102651,0.432396566
2009,Greece,0.397137656,0.410084962
2010,Greece,0.542413967,0.438911279
2011,Greece,0.588964116,0.420379896
2012,Greece,0.590164527,0.401273931
2013,Greece,0.656793105,0.4117118
2014,Greece,0.659804737,0.41887107
2015,Greece,0.559541103,0.418706296
2016,Greece,0.548741929,0.425147828
2017,Greece,0.610066996,0.438060962
2018,Greece,,
2000,Hungary,0.118982724,0.414402942
2001,Hungary,0.124717723,0.415360608
2002,Hungary,0.152946519,0.424390245
2003,Hungary,0.189798962,0.431590359
2004,Hungary,0.222006547,0.419029409
2005,Hungary,0.231527705,0.415835824
2006,Hungary,0.246156964,0.416986279
2007,Hungary,0.288230393,0.418592664
2008,Hungary,0.34320613,0.418606653
2009,Hungary,0.285509254,0.419047499
2010,Hungary,0.294602503,0.414128602
2011,Hungary,0.30254811,0.400247522
2012,Hungary,0.28108556,0.397589383
2013,Hungary,0.283676718,0.376949972
2014,Hungary,0.249093548,0.368024305
2015,Hungary,0.266174367,0.354926326
2016,Hungary,0.284745262,0.344503059
2017,Hungary,0.302149926,0.347062773
2018,Hungary,,
2000,Iceland,0.342769729,0.951679331
2001,Iceland,0.269499134,0.976324626
2002,Iceland,0.28229167,0.979178422
2003,Iceland,0.337910437,0.972985362
2004,Iceland,0.40855439,1.00147371
2005,Iceland,0.559845547,0.947327918
2006,Iceland,0.691943001,1.050559342
2007,Iceland,0.7873557,1.029317028
2008,Iceland,0.536153512,0.968425793
2009,Iceland,0.439873187,0.920742145
2010,Iceland,0.562114865,0.90836044
2011,Iceland,0.596857214,0.827582689
2012,Iceland,0.591035554,0.732912216
2013,Iceland,0.602116787,0.769974388
2014,Iceland,0.640137313,0.760456737
2015,Iceland,0.593952222,0.74080736
2016,Iceland,0.62915213,0.713893964
2017,Iceland,0.791818059,0.686672947
2018,Iceland,,
2000,Ireland,0.365522674,0.39361766
2001,Ireland,0.327423259,0.41690175
2002,Ireland,0.400717248,0.436950917
2003,Ireland,0.491881438,0.442981128
2004,Ireland,0.634164594,0.365735852
2005,Ireland,0.65686641,0.311666278
2006,Ireland,0.664222895,0.313523151
2007,Ireland,0.712540833,0.196202975
2008,Ireland,0.746988306,0.155662609
2009,Ireland,0.706871978,0.114628267
2010,Ireland,0.722374531,0.109724811
2011,Ireland,0.81561429,0.128677021
2012,Ireland,0.730366462,0.11177664
2013,Ireland,0.780910798,0.145389396
2014,Ireland,0.798527163,0.184244277
2015,Ireland,0.740253889,0.203926129
2016,Ireland,0.728419073,0.203837906
2017,Ireland,0.715536489,0.196370044
2018,Ireland,,
2000,Italy,0.495484192,0.386069697
2001,Italy,0.477673623,0.407666649
2002,Italy,0.519442261,0.392593779
2003,Italy,0.651260309,0.387680697
2004,Italy,0.699855532,0.374910474
2005,Italy,0.733851214,0.375422205
2006,Italy,0.753727673,0.364612762
2007,Italy,0.793156711,0.357094391
2008,Italy,0.802293998,0.346825121
2009,Italy,0.813974904,0.348018315
2010,Italy,0.790007951,0.3438456
2011,Italy,0.933870322,0.331495105
2012,Italy,0.98225826,0.331545008
2013,Italy,0.994589294,0.309526455
2014,Italy,1.051092937,0.305706134
2015,Italy,0.833340346,0.306555467
2016,Italy,0.86881229,0.301311434
2017,Italy,0.85471,0.300775176
2018,Italy,,
2000,Japan,0.3833802,0.254716439
2001,Japan,0.340014437,0.24112241
2002,Japan,0.328443749,0.232187177
2003,Japan,0.355429955,0.229193168
2004,Japan,0.381657875,0.221894843
2005,Japan,0.374086397,0.215262645
2006,Japan,0.349681194,0.204417021
2007,Japan,0.340542967,0.201750276
2008,Japan,0.35773273,0.206706926
2009,Japan,0.403061577,0.182903856
2010,Japan,0.436549732,0.181378878
2011,Japan,0.467679662,0.173726254
2012,Japan,0.469132376,0.176253517
2013,Japan,0.383967778,0.17439288
2014,Japan,0.348049168,0.167549454
2015,Japan,0.302325733,0.166203
2016,Japan,0.340505092,0.158785318
2017,Japan,0.32873466,0.157720837
2018,Japan,,
2000,Korea,,
2001,Korea,,
2002,Korea,,
2003,Korea,,
2004,Korea,,
2005,Korea,,
2006,Korea,,
2007,Korea,,
2008,Korea,,
2009,Korea,,
2010,Korea,,
2011,Korea,,
2012,Korea,,
2013,Korea,,
2014,Korea,,
2000,Luxembourg,1.235032309,0.239877461
2001,Luxembourg,1.237009793,0.236219238
2002,Luxembourg,1.347646188,0.235002603
2003,Luxembourg,1.739491233,0.243395623
2004,Luxembourg,2.220290291,0.230300871
2005,Luxembourg,2.338666981,0.228599885
2006,Luxembourg,2.305263407,0.224940992
2007,Luxembourg,2.558765005,0.223710669
2008,Luxembourg,2.773182284,0.220655826
2009,Luxembourg,2.401127008,0.214409429
2010,Luxembourg,2.3271673,0.187426411
2011,Luxembourg,2.555483024,0.175869227
2012,Luxembourg,2.364274614,0.167742604
2013,Luxembourg,2.292356153,0.165058225
2014,Luxembourg,2.180329731,0.163507733
2015,Luxembourg,1.704932235,0.150317341
2016,Luxembourg,1.628246781,0.143685284
2017,Luxembourg,1.667819987,0.142451437
2018,Luxembourg,,
2000,Mexico,0.070802305,0.237779645
2001,Mexico,0.093049272,0.245456995
2002,Mexico,0.114293848,0.248028643
2003,Mexico,0.07874796,0.250637964
2004,Mexico,0.045215471,0.247864147
2005,Mexico,0.013145402,0.268986798
2006,Mexico,-0.03601222,0.283932438
2007,Mexico,-0.040505053,0.301337349
2008,Mexico,-0.176438406,0.31970477
2009,Mexico,0.002107548,0.335684728
2010,Mexico,-0.038949712,0.35013848
2011,Mexico,-0.101354506,0.356883469
2012,Mexico,-0.131494052,0.360923092
2013,Mexico,-0.056663705,0.366523291
2014,Mexico,-0.008030177,0.369200893
2015,Mexico,0.113963494,0.376741087
2016,Mexico,0.120449947,
2017,Mexico,0.091674701,
2018,Mexico,,
2000,Netherlands,0.444392343,0.616711231
2001,Netherlands,0.455917214,0.57816714
2002,Netherlands,0.487671252,0.545829872
2003,Netherlands,0.608307119,0.508043295
2004,Netherlands,0.721042,0.485313881
2005,Netherlands,0.784277693,0.391120496
2006,Netherlands,0.838301442,0.361296479
2007,Netherlands,0.860254278,0.335962496
2008,Netherlands,1.012321928,0.313690552
2009,Netherlands,0.972478975,0.296653829
2010,Netherlands,0.953370593,0.275603915
2011,Netherlands,0.995623063,0.258429839
2012,Netherlands,0.889433267,0.243967996
2013,Netherlands,1.00855451,0.231115993
2014,Netherlands,1.018237306,0.216395402
2015,Netherlands,0.870103076,0.203332445
2016,Netherlands,0.898012724,0.193444312
2017,Netherlands,0.906407326,0.180929202
2018,Netherlands,,
2000,New Zealand,0.11160531,1.228838515
2001,New Zealand,0.108928461,1.229010878
2002,New Zealand,0.15824452,1.22237726
2003,New Zealand,0.195758457,1.190671032
2004,New Zealand,0.207136469,1.179304783
2005,New Zealand,0.227656261,1.168905774
2006,New Zealand,0.206898331,1.136517226
2007,New Zealand,0.252821254,1.120653307
2008,New Zealand,0.226232984,1.095506802
2009,New Zealand,0.200545273,1.070311643
2010,New Zealand,0.250291987,1.035696306
2011,New Zealand,0.276227891,0.999816913
2012,New Zealand,0.289192792,0.975807112
2013,New Zealand,0.30454182,0.948362284
2014,New Zealand,0.328741712,0.923719908
2015,New Zealand,0.292725777,0.905628031
2016,New Zealand,0.293733024,0.883503299
2017,New Zealand,0.295723187,0.877227682
2018,New Zealand,,
2000,Norway,0.652114571,0.404931352
2001,Norway,0.645519406,0.390700573
2002,Norway,0.704767272,0.369270067
2003,Norway,0.806746073,0.365647899
2004,Norway,0.851887365,0.361980423
2005,Norway,0.915799704,0.340052876
2006,Norway,0.960469173,0.340994602
2007,Norway,1.04780414,0.335244098
2008,Norway,1.222178137,0.318965738
2009,Norway,1.040331711,0.317492765
2010,Norway,1.112692744,0.309083444
2011,Norway,1.194477132,0.300743988
2012,Norway,1.10154205,0.291927584
2013,Norway,1.140559823,0.281749438
2014,Norway,1.116419814,0.268124441
2015,Norway,0.906390155,0.251998576
2016,Norway,0.89187747,0.239531323
2017,Norway,0.936056593,0.226474249
2018,Norway,,
2000,Poland,0.078367108,0.478669452
2001,Poland,0.087145449,0.46910443
2002,Poland,0.103473804,0.463182019
2003,Poland,0.119442313,0.459881102
2004,Poland,0.146619675,0.449192234
2005,Poland,0.180414208,0.444668824
2006,Poland,0.200588292,0.43701952
2007,Poland,0.25785575,0.433152326
2008,Poland,0.302789368,0.42723723
2009,Poland,0.236053711,0.423902697
2010,Poland,0.26342019,0.41852276
2011,Poland,0.288430584,0.403655028
2012,Poland,0.277328063,0.397115073
2013,Poland,0.272464759,0.392801041
2014,Poland,0.3073736,0.37885322
2015,Poland,0.274437823,0.364857792
2016,Poland,0.280118111,0.354306872
2017,Poland,0.302340336,0.341339839
2018,Poland,,
2000,Portugal,0.176944867,0.596318756
2001,Portugal,0.209083518,0.609032906
2002,Portugal,0.262848916,0.619442359
2003,Portugal,0.333808583,0.631363286
2004,Portugal,0.372227919,0.627836067
2005,Portugal,0.37390981,0.615072055
2006,Portugal,0.383106653,0.605479531
2007,Portugal,0.435741666,0.589988603
2008,Portugal,0.447530002,0.570644168
2009,Portugal,0.423357229,0.560737362
2010,Portugal,0.398838153,0.548159763
2011,Portugal,0.401178763,0.54320165
2012,Portugal,0.346020371,0.526168434
2013,Portugal,0.361939936,0.512023985
2014,Portugal,0.367202798,0.501739836
2015,Portugal,0.340746634,0.471040511
2016,Portugal,0.377853362,0.457895665
2017,Portugal,0.398257788,0.453573675
2018,Portugal,,
2000,Slovak Republic,,
2001,Slovak Republic,,
2002,Slovak Republic,,
2003,Slovak Republic,,
2004,Slovak Republic,,
2005,Slovak Republic,,
2006,Slovak Republic,,
2007,Slovak Republic,,
2008,Slovak Republic,,
2009,Slovak Republic,,
2010,Slovak Republic,,
2011,Slovak Republic,,
2012,Slovak Republic,,
2013,Slovak Republic,,
2014,Slovak Republic,,
2015,Slovak Republic,,
2016,Slovak Republic,,
2017,Slovak Republic,,
2018,Slovak Republic,,
2000,Spain,0.245957323,0.306844758
2001,Spain,0.240373155,0.31094465
2002,Spain,0.28199613,0.313160602
2003,Spain,0.3609171,0.304238228
2004,Spain,0.409168533,0.290817878
2005,Spain,0.418105061,0.292377712
2006,Spain,0.428566615,0.293681257
2007,Spain,0.478791917,0.295451496
2008,Spain,0.501671445,0.296370314
2009,Spain,0.456432983,0.321189537
2010,Spain,0.442457717,0.299921346
2011,Spain,0.4459307,0.310383567
2012,Spain,0.403803586,0.306118032
2013,Spain,0.470128245,0.298385973
2014,Spain,0.457776742,0.27977563
2015,Spain,0.4144232,0.297832022
2016,Spain,0.407150227,0.292731648
2017,Spain,0.428290672,0.29038694
2018,Spain,,
2000,Sweden,0.649886361,0.362819848
2001,Sweden,0.609314188,0.356456572
2002,Sweden,0.685915785,0.336049412
2003,Sweden,0.864596519,0.316385444
2004,Sweden,0.968590046,0.312686075
2005,Sweden,0.975624838,0.295784636
2006,Sweden,0.996724885,0.284078134
2007,Sweden,1.092116385,0.262583051
2008,Sweden,1.135183896,0.23202875
2009,Sweden,0.987995814,0.220459815
2010,Sweden,1.087045509,0.20491947
2011,Sweden,1.153410822,0.193596082
2012,Sweden,1.109976226,0.177467618
2013,Sweden,1.141489263,0.167241144
2014,Sweden,1.03539075,0.154176834
2015,Sweden,0.885476821,0.143398803
2016,Sweden,0.915303605,0.134026596
2017,Sweden,0.906920467,0.126543391
2018,Sweden,,
2000,Switzerland,0.415707322,0.116135975
2001,Switzerland,0.407862102,0.117620077
2002,Switzerland,0.431784181,0.118650575
2003,Switzerland,0.504245316,0.114874147
2004,Switzerland,0.547618371,0.116480978
2005,Switzerland,0.549474889,0.11432893
2006,Switzerland,0.542474947,0.113162834
2007,Switzerland,0.571535492,0.109749972
2008,Switzerland,0.668701083,0.106248916
2009,Switzerland,0.681348687,0.102175786
2010,Switzerland,0.743952686,0.099224273
2011,Switzerland,0.832918805,0.096081846
2012,Switzerland,0.787950833,0.092184621
2013,Switzerland,0.795812021,0.090294389
2014,Switzerland,0.816496289,0.088126704
2015,Switzerland,0.780514236,0.086297869
2016,Switzerland,0.66482882,0.083887366
2017,Switzerland,0.662027719,0.081690585
2018,Switzerland,,
2000,Turkey,0.082672862,0.22688739
2001,Turkey,0.07192408,0.241145118
2002,Turkey,0.113320493,0.244407717
2003,Turkey,0.152193827,0.245401767
2004,Turkey,0.164886086,0.248357723
2005,Turkey,0.212618249,0.254923103
2006,Turkey,0.209243175,0.262244602
2007,Turkey,0.243237526,0.263000422
2008,Turkey,0.261218128,0.26057033
2009,Turkey,0.230900762,0.264278511
2010,Turkey,0.291609998,0.270027585
2011,Turkey,0.272919825,0.268999192
2012,Turkey,0.268024925,0.25926269
2013,Turkey,0.312416018,0.239330146
2014,Turkey,0.269957053,0.235268738
2015,Turkey,0.237965283,0.239595755
2016,Turkey,0.23350685,0.231007247
2017,Turkey,0.214929078,0.213951989
2018,Turkey,,
2000,United Kingdom,0.594876187,1.072032976
2001,United Kingdom,0.554235682,1.034325358
2002,United Kingdom,0.585566848,1.010102957
2003,United Kingdom,0.650498631,0.942433869
2004,United Kingdom,0.754862846,0.867623724
2005,United Kingdom,0.743887207,0.818693413
2006,United Kingdom,0.752035654,0.759827968
2007,United Kingdom,0.847671019,0.70259012
2008,United Kingdom,0.78400063,0.622990039
2009,United Kingdom,0.68758717,0.551985751
2010,United Kingdom,0.711992967,0.474470382
2011,United Kingdom,0.739397905,0.438607872
2012,United Kingdom,0.737841126,0.41076401
2013,United Kingdom,0.763572888,0.360945319
2014,United Kingdom,0.833409902,0.324334721
2015,United Kingdom,0.788963976,0.318646425
2016,United Kingdom,0.717987695,0.307183764
2017,United Kingdom,0.701326843,0.30967314
2018,United Kingdom,,
2000,United States,,
2001,United States,,
2002,United States,,
2003,United States,,
2004,United States,,
2005,United States,,
2006,United States,,
2007,United States,,
2008,United States,,
2009,United States,,
2010,United States,,
2011,United States,,
2012,United States,,
2013,United States,,
2014,United States,,
2015,United States,,
2016,United States,,
2000,Albania,0.002331872,
2001,Albania,0.00255935,
2002,Albania,0.002832528,
2003,Albania,0.001039122,
2004,Albania,0.001396505,
2005,Albania,0.001496043,
2006,Albania,0.001769495,
2000,Argentina,0.100468756,0.302832518
2001,Argentina,0.097631258,0.31407291
2002,Argentina,0.040782747,0.318353241
2003,Argentina,0.046852717,0.327407789
2004,Argentina,0.050165788,0.335137173
2005,Argentina,0.055789943,0.342438614
2006,Argentina,0.058851267,0.348273357
2007,Argentina,0.065148454,0.346932917
2008,Argentina,0.081451673,0.340605585
2009,Argentina,0.081152518,0.331029762
2010,Argentina,0.099701067,0.33448492
2011,Argentina,0.110531705,0.333543737
2012,Argentina,0.140141484,0.329203739
2013,Argentina,0.137792263,0.326722412
2014,Argentina,0.131330916,0.325987931
2015,Argentina,0.143709674,
2016,Argentina,0.119241847,
2017,Argentina,0.144408138,
2018,Argentina,,
2008,Belize,0.000384588,
2009,Belize,0.004458852,
2010,Belize,0.002390957,
2011,Belize,0.00400017,
2012,Belize,0.00292011,
2013,Belize,0.002195501,
2014,Belize,0.001768704,
2015,Belize,0.001413032,
2016,Belize,0.002280136,
2017,Belize,0.001202847,
2000,Bolivia,,
2001,Bolivia,,
2002,Bolivia,,
2003,Bolivia,,
2004,Bolivia,,
2005,Bolivia,,
2006,Bolivia,,
2007,Bolivia,,
2008,Bolivia,,
2009,Bolivia,,
2010,Bolivia,,
2011,Bolivia,,
2012,Bolivia,,
2013,Bolivia,,
2014,Bolivia,,
2015,Bolivia,,
2016,Bolivia,,
2017,Bolivia,,
2004,Botswana,0.027768385,
2005,Botswana,0.012475286,
2006,Botswana,0.012656932,
2007,Botswana,0.010589413,
2008,Botswana,0.00963231,
2009,Botswana,0.009905324,
2010,Botswana,0.011609345,
2011,Botswana,0.010174625,
2012,Botswana,0.012567962,
2013,Botswana,0.010487013,
2014,Botswana,0.005526618,
2015,Botswana,0.005073758,
2016,Botswana,0.004561269,
2017,Botswana,0.005539945,
2013,Brazil,0.001691076,
2014,Brazil,5.39E-05,
2000,Bulgaria,0.040084892,
2001,Bulgaria,0.04170855,
2002,Bulgaria,0.041990318,
2003,Bulgaria,0.068533704,
2004,Bulgaria,0.090918611,
2005,Bulgaria,0.098265713,
2006,Bulgaria,0.109380397,
2007,Bulgaria,0.166394758,
2008,Bulgaria,0.206055515,
2009,Bulgaria,0.173684142,
2010,Bulgaria,0.165239621,
2011,Bulgaria,0.185209846,
2012,Bulgaria,0.174357619,
2013,Bulgaria,0.187973622,
2014,Bulgaria,0.186038019,
2015,Bulgaria,0.177957145,
2016,Bulgaria,0.177184174,
2017,Bulgaria,0.18976362,
2018,Bulgaria,,
2000,Burkina Faso,0.001272318,
2001,Burkina Faso,0.000703331,
2002,Burkina Faso,0.002041552,
2003,Burkina Faso,0.002647649,
2004,Burkina Faso,0.003225414,
2005,Burkina Faso,0.003272628,
2006,Burkina Faso,0.003260788,
2007,Burkina Faso,0.003850539,
2008,Burkina Faso,0.004114985,
2009,Burkina Faso,0.003906718,
2010,Burkina Faso,0.004102732,
2011,Burkina Faso,0.004676744,
2012,Burkina Faso,0.005476895,
2013,Burkina Faso,0.003916114,
2014,Burkina Faso,0.005864257,
2015,Burkina Faso,0.006093056,
2016,Burkina Faso,0.006495051,
2017,Burkina Faso,0.008070604,
2000,Cameroon,0.005033665,
2001,Cameroon,0.005737995,
2002,Cameroon,0.005981927,
2003,Cameroon,0.006902441,
2004,Cameroon,0.00949962,
2005,Cameroon,0.008917237,
2006,Cameroon,0.009018707,
2007,Cameroon,0.009328103,
2008,Cameroon,0.009302344,
2009,Cameroon,0.009242128,
2010,Cameroon,0.009136121,
2011,Cameroon,0.009409802,
2012,Cameroon,0.009588059,
2013,Cameroon,0.010855358,
2014,Cameroon,0.012768578,
2015,Cameroon,0.010157918,
2016,Cameroon,0.009693124,
2017,Cameroon,0.010484583,
2000,Chile,0.064369409,0.249143645
2001,Chile,0.06256722,0.271053535
2002,Chile,0.059149871,0.297197479
2003,Chile,0.059291912,0.305785699
2004,Chile,0.065658935,0.309787429
2005,Chile,0.080036271,0.323098667
2006,Chile,0.080953954,0.307502574
2007,Chile,0.097755617,0.286638741
2008,Chile,0.075767637,0.271745254
2009,Chile,0.073030887,0.258473081
2010,Chile,0.104948088,0.263862261
2011,Chile,0.120778243,0.270052706
2012,Chile,0.130994021,0.275888561
2013,Chile,0.134627409,0.302669873
2014,Chile,0.134460227,0.304290694
2015,Chile,0.118126159,0.319126851
2016,Chile,0.121871065,0.318581035
2017,Chile,0.135975303,
2018,Chile,,
2000,China (People's Republic of),,
2001,China (People's Republic of),,
2002,China (People's Republic of),,
2003,China (People's Republic of),,
2004,China (People's Republic of),,
2005,China (People's Republic of),,
2006,China (People's Republic of),,
2007,China (People's Republic of),,
2008,China (People's Republic of),,
2009,China (People's Republic of),,
2010,China (People's Republic of),,
2011,China (People's Republic of),,
2012,China (People's Republic of),,
2000,Colombia,0.017930422,0.225455586
2001,Colombia,0.020005263,0.231995583
2002,Colombia,0.020343379,0.237024023
2003,Colombia,0.019396044,0.241470083
2004,Colombia,0.021631215,0.24662745
2005,Colombia,0.027435363,0.265631459
2006,Colombia,0.027830021,0.26425847
2007,Colombia,0.032870411,0.268991227
2008,Colombia,0.036568433,0.279267356
2009,Colombia,0.03313053,0.283562451
2010,Colombia,0.039605575,0.28900157
2011,Colombia,0.043345903,0.283079356
2012,Colombia,0.020956547,0.285079663
2001,Costa Rica,0.033725212,
2008,Costa Rica,0.114137791,
2009,Costa Rica,0.118947367,
2010,Costa Rica,0.133215333,0.336415816
2011,Costa Rica,0.15341783,
2012,Costa Rica,0.150215774,0.397676793
2013,Costa Rica,0.17055632,
2014,Costa Rica,0.156850851,
2015,Costa Rica,0.176666759,
2016,Costa Rica,0.177095835,
2017,Costa Rica,0.181641045,
2018,Costa Rica,,
2000,Côte d'Ivoire,2.47E-05,
2001,Côte d'Ivoire,1.89E-05,
2002,Côte d'Ivoire,1.38E-05,
2003,Côte d'Ivoire,1.49E-05,
2004,Côte d'Ivoire,1.57E-05,
2005,Côte d'Ivoire,1.26E-05,
2006,Côte d'Ivoire,1.02E-05,
2007,Côte d'Ivoire,8.03E-06,
2008,Côte d'Ivoire,1.03E-05,
2009,Côte d'Ivoire,9.62E-06,
2010,Côte d'Ivoire,7.99E-06,
2011,Côte d'Ivoire,6.13E-06,
2012,Côte d'Ivoire,7.29E-06,
2013,Côte d'Ivoire,7.43E-06,
2014,Côte d'Ivoire,8.48E-06,
2015,Côte d'Ivoire,7.66E-06,
2016,Côte d'Ivoire,8.73E-06,
2017,Côte d'Ivoire,9.13E-06,
2000,Croatia,0.156335654,
2001,Croatia,0.145271868,
2002,Croatia,0.197371492,
2003,Croatia,0.24653325,
2004,Croatia,0.277553408,
2005,Croatia,0.286779368,
2006,Croatia,0.30711987,
2007,Croatia,0.35476032,
2008,Croatia,0.383348125,
2009,Croatia,0.360005768,
2010,Croatia,0.384988504,
2011,Croatia,0.353447336,
2012,Croatia,0.312092617,
2013,Croatia,0.363180691,
2014,Croatia,0.401058109,
2015,Croatia,0.373364291,
2016,Croatia,0.404798875,
2017,Croatia,0.432001696,
2018,Croatia,,
2000,Cyprus,0.068983174,
2001,Cyprus,0.096667201,
2002,Cyprus,0.106146772,
2003,Cyprus,0.257623581,
2004,Cyprus,0.324850308,
2005,Cyprus,0.342888726,
2006,Cyprus,0.348505224,
2007,Cyprus,0.384912025,
2008,Cyprus,0.412807147,
2009,Cyprus,0.386108048,
2010,Cyprus,0.419009417,
2011,Cyprus,0.474568315,
2012,Cyprus,0.411139284,
2013,Cyprus,0.442129585,
2014,Cyprus,0.475866031,
2015,Cyprus,0.386238606,
2016,Cyprus,0.390209616,
2017,Cyprus,0.420881846,
2018,Cyprus,,
2001,Democratic Republic of the Congo,0.000112434,
2002,Democratic Republic of the Congo,0.000188825,
2003,Democratic Republic of the Congo,0.000381347,
2004,Democratic Republic of the Congo,0.000817862,
2005,Democratic Republic of the Congo,0.001443474,
2006,Democratic Republic of the Congo,0.0016251,
2007,Democratic Republic of the Congo,0.00207785,
2008,Democratic Republic of the Congo,0.002598277,
2009,Democratic Republic of the Congo,0.001783644,
2010,Democratic Republic of the Congo,0.001841154,
2011,Democratic Republic of the Congo,0.002534157,
2012,Democratic Republic of the Congo,0.002672341,
2013,Democratic Republic of the Congo,0.002601753,
2014,Democratic Republic of the Congo,0.002308823,
2015,Democratic Republic of the Congo,0.001866363,
2016,Democratic Republic of the Congo,0.001738273,
2017,Democratic Republic of the Congo,0.000624064,
2000,Dominican Republic,0.022928548,
2001,Dominican Republic,0.052334572,
2002,Dominican Republic,0.05277563,
2003,Dominican Republic,0.031846543,
2004,Dominican Republic,0.029449847,
2005,Dominican Republic,0.053402881,
2006,Dominican Republic,0.077346423,
2007,Dominican Republic,0.096792262,
2008,Dominican Republic,0.103817911,
2009,Dominican Republic,0.0881672,
2010,Dominican Republic,0.096916726,
2011,Dominican Republic,0.107830672,
2012,Dominican Republic,0.108736092,
2013,Dominican Republic,0.101197565,
2014,Dominican Republic,0.101087811,
2015,Dominican Republic,0.065862323,
2016,Dominican Republic,0.069658805,
2017,Dominican Republic,0.07368523,
2010,Ecuador,3.33E-07,
2002,Egypt,0.001417653,
2003,Egypt,0.002000299,
2004,Egypt,0.001642303,
2005,Egypt,0.001873322,
2006,Egypt,0.003722939,
2007,Egypt,0.004444325,
2008,Egypt,0.003437638,
2009,Egypt,0.015539635,
2010,Egypt,0.016255411,
2011,Egypt,0.01613807,
2012,Egypt,0.017425445,
2013,Egypt,0.020298049,
2014,Egypt,0.006147592,
2015,Egypt,0.016882713,
2016,Egypt,0.013920707,
2017,Egypt,0.01928398,
2010,El Salvador,6.47E-07,
2011,El Salvador,1.61E-07,
2012,El Salvador,3.21E-07,
2015,El Salvador,0.001122508,
2016,El Salvador,0.001400222,
2005,Equatorial Guinea,0.01960303,
2006,Equatorial Guinea,0.020243622,
2007,Equatorial Guinea,0.021845328,
2008,Equatorial Guinea,0.021932092,
2009,Equatorial Guinea,0.029682039,
2010,Equatorial Guinea,0.03533127,
2011,Equatorial Guinea,0.007772118,
2012,Equatorial Guinea,0.005358852,
2013,Equatorial Guinea,0.004821574,
2014,Equatorial Guinea,0.007190764,
2015,Equatorial Guinea,0.012743726,
2016,Equatorial Guinea,0.00911716,
2017,Equatorial Guinea,0.006990447,
2000,Estonia,0.050153991,0.402005988
2001,Estonia,0.071656395,0.409580388
2002,Estonia,0.079493787,0.403506234
2003,Estonia,0.110130788,0.398034386
2004,Estonia,0.158334372,0.396150546
2005,Estonia,0.198022351,0.380029506
2006,Estonia,0.226188756,0.370369794
2007,Estonia,0.296858948,0.367797247
2008,Estonia,0.347186372,0.357161993
2009,Estonia,0.370393821,0.374656099
2010,Estonia,0.375766739,0.371074159
2011,Estonia,0.414296592,0.34387637
2012,Estonia,0.419368589,0.333602134
2013,Estonia,0.423707497,0.309094755
2014,Estonia,0.467475972,0.276382635
2015,Estonia,0.414163746,0.271178335
2016,Estonia,0.476512468,0.258566798
2017,Estonia,0.511854351,0.249126679
2018,Estonia,,
2000,Ghana,0.005062128,
2001,Ghana,0.004568625,
2002,Ghana,0.006731674,
2003,Ghana,0.012915856,
2004,Ghana,0.016302635,
2005,Ghana,0.020374154,
2006,Ghana,0.019850792,
2007,Ghana,0.018776259,
2008,Ghana,0.015494763,
2009,Ghana,0.008185489,
2010,Ghana,0.007233204,
2011,Ghana,0.011424463,
2012,Ghana,0.011663129,
2013,Ghana,0.010099317,
2014,Ghana,0.007821894,
2015,Ghana,0.0211782,
2016,Ghana,0.035831048,
2017,Ghana,0.026299674,
2000,Guatemala,0.015361594,
2001,Guatemala,0.017294257,
2002,Guatemala,0.016755135,
2003,Guatemala,0.015079902,
2004,Guatemala,0.017392927,
2005,Guatemala,0.00485422,
2006,Guatemala,0.019073642,
2007,Guatemala,0.019474573,
2008,Guatemala,0.018305963,
2009,Guatemala,0.018693511,
2010,Guatemala,0.018481014,
2011,Guatemala,0.018262211,
2012,Guatemala,0.017581558,
2013,Guatemala,0.018749959,
2014,Guatemala,0.019859152,
2015,Guatemala,0.023302123,
2016,Guatemala,0.025353494,
2017,Guatemala,0.026522114,
2000,Honduras,0.026709063,
2001,Honduras,0.032278116,
2002,Honduras,0.030835008,
2003,Honduras,0.03045105,
2004,Honduras,0.035281156,
2005,Honduras,0.034996733,
2006,Honduras,0.035389515,
2007,Honduras,0.037806012,
2008,Honduras,0.036919141,
2009,Honduras,0.039166313,
2010,Honduras,0.040010378,
2011,Honduras,0.038502736,
2012,Honduras,0.040756574,
2013,Honduras,0.042510994,
2014,Honduras,0.047214144,
2015,Honduras,0.051589043,
2016,Honduras,0.054767477,
2017,Honduras,0.057675902,
2005,India,0.006364684,
2006,India,0.006213966,
2007,India,0.006760217,
2008,India,0.006783239,
2009,India,0.006525793,
2010,India,0.007740189,0.052705009
2011,India,0.010538212,
2000,Israel,0.243115607,0.517390916
2001,Israel,0.236650217,
2002,Israel,0.236544891,
2003,Israel,0.263320407,0.65040614
2004,Israel,0.290278091,0.680679827
2005,Israel,0.315572474,0.705619292
2006,Israel,0.34883494,0.725399105
2007,Israel,0.419998808,0.739909229
2008,Israel,0.511692916,0.74885854
2009,Israel,0.478431613,0.752069148
2010,Israel,0.5640345,0.77699489
2011,Israel,0.629045578,0.786505313
2012,Israel,0.597017234,0.798543286
2013,Israel,0.610270111,0.787901072
2014,Israel,0.618109942,0.791807228
2000,Kazakhstan,0.00054876,
2001,Kazakhstan,0.018840785,
2002,Kazakhstan,0.013286228,
2003,Kazakhstan,0.04250239,
2004,Kazakhstan,0.020145225,
2005,Kazakhstan,0.048172076,
2006,Kazakhstan,0.107742567,
2007,Kazakhstan,0.099881532,
2008,Kazakhstan,0.203876391,
2009,Kazakhstan,0.142671811,
2010,Kazakhstan,0.332367294,
2011,Kazakhstan,0.417318,
2012,Kazakhstan,0.417097598,
2013,Kazakhstan,0.363781632,
2014,Kazakhstan,0.316502432,
2015,Kazakhstan,0.124777074,
2016,Kazakhstan,0.052554997,
2017,Kazakhstan,0.116132264,
2001,Kenya,0.009975625,
2002,Kenya,0.009729778,
2003,Kenya,0.009810293,
2004,Kenya,0.009935214,
2005,Kenya,0.011032959,
2006,Kenya,0.011759689,
2007,Kenya,0.012987233,
2008,Kenya,0.012495306,
2009,Kenya,0.012627244,
2010,Kenya,0.013106996,
2011,Kenya,0.011721127,
2012,Kenya,0.011222915,
2013,Kenya,0.010921818,
2014,Kenya,0.012665957,
2015,Kenya,0.011505913,
2016,Kenya,0.002093329,
2000,Latvia,0.060511713,0.289849213
2001,Latvia,0.058082265,0.300235427
2002,Latvia,0.070234098,0.29570749
2003,Latvia,0.095894997,0.271532995
2004,Latvia,0.12884118,0.27133399
2005,Latvia,0.159213427,0.279528472
2006,Latvia,0.178498766,0.283103894
2007,Latvia,0.241268666,0.289632494
2008,Latvia,0.296824223,0.296770337
2009,Latvia,0.375420089,0.301183709
2010,Latvia,0.321547251,0.307023369
2011,Latvia,0.335884593,0.298973159
2012,Latvia,0.342871836,0.297411622
2013,Latvia,0.42772146,0.295234602
2014,Latvia,0.48691137,0.295941065
2015,Latvia,0.424346803,0.281213911
2016,Latvia,0.439948538,0.304315783
2017,Latvia,0.470500954,0.289687801
2018,Latvia,,
2000,Lithuania,0.057220743,0.439324219
2001,Lithuania,0.064428984,0.453921453
2002,Lithuania,0.082830035,0.454403289
2003,Lithuania,0.108544278,0.455308993
2004,Lithuania,0.122265488,0.451859938
2005,Lithuania,0.135610908,0.44471735
2006,Lithuania,0.149584555,0.439970406
2007,Lithuania,0.19283832,0.43838724
2008,Lithuania,0.227110241,0.439543872
2009,Lithuania,0.2251952,0.431684069
2010,Lithuania,0.208747609,0.427880243
2011,Lithuania,0.224362895,0.402917297
2012,Lithuania,0.217739852,0.396143108
2013,Lithuania,0.237228883,0.389169867
2014,Lithuania,0.259396776,0.37253769
2015,Lithuania,0.235644326,0.355839546
2016,Lithuania,0.25926172,0.352527292
2017,Lithuania,0.289866273,0.364820084
2018,Lithuania,,
2004,Madagascar,0.004209798,
2005,Madagascar,0.004204514,
2006,Madagascar,0.005529425,
2007,Madagascar,0.006604928,
2008,Madagascar,0.008922422,
2009,Madagascar,0.005650559,
2010,Madagascar,0.006106619,
2011,Madagascar,0.007058371,
2012,Madagascar,0.006099574,
2013,Madagascar,0.008629144,
2014,Madagascar,0.006650559,
2015,Madagascar,0.005618163,
2016,Madagascar,0.004704477,
2017,Madagascar,0.005544903,
2005,Malaysia,1.03E-05,
2006,Malaysia,1.04E-05,
2008,Malaysia,1.10E-05,
2009,Malaysia,1.02E-05,
2010,Malaysia,1.10E-05,
2011,Malaysia,1.14E-05,
2012,Malaysia,1.11E-05,
2014,Malaysia,4.09E-05,
2015,Malaysia,1.69E-05,
2016,Malaysia,1.57E-05,
2000,Mali,0.00432332,
2001,Mali,0.003429592,
2002,Mali,0.003724146,
2003,Mali,0.004843736,
2004,Mali,0.004680947,
2005,Mali,0.003916087,
2006,Mali,0.00240287,
2007,Mali,0.005625481,
2008,Mali,0.005526309,
2009,Mali,0.003340345,
2010,Mali,0.003442607,
2011,Mali,0.000639849,
2012,Mali,0.003092902,
2013,Mali,0.002742274,
2014,Mali,0.003319552,
2015,Mali,0.009042322,
2016,Mali,0.009447246,
2017,Mali,0.008146743,
2000,Malta,0.137231391,
2001,Malta,0.149064906,
2002,Malta,0.14533758,
2003,Malta,0.158602298,
2004,Malta,0.174090164,
2005,Malta,0.191123885,
2006,Malta,0.207343785,
2007,Malta,0.329539492,
2008,Malta,0.308437507,
2009,Malta,0.292368773,
2010,Malta,0.296439167,
2011,Malta,0.357244087,
2012,Malta,0.330339087,
2013,Malta,0.335557933,
2014,Malta,0.394965015,
2015,Malta,0.353612772,
2016,Malta,0.366701139,
2017,Malta,0.397348922,
2018,Malta,,
2007,Mauritania,0.035638586,
2008,Mauritania,0.054705108,
2009,Mauritania,0.055908397,
2010,Mauritania,0.051216301,
2011,Mauritania,0.056066643,
2012,Mauritania,0.058929923,
2013,Mauritania,0.056982363,
2014,Mauritania,0.055787055,
2015,Mauritania,0.07929508,
2016,Mauritania,0.112660116,
2017,Mauritania,0.113157903,
2007,Mauritius,0.050189239,
2008,Mauritius,0.055646022,
2009,Mauritius,0.055649697,
2010,Mauritius,0.063010386,
2011,Mauritius,0.084033399,
2012,Mauritius,0.082262389,
2013,Mauritius,0.079609991,
2014,Mauritius,0.083610702,
2015,Mauritius,0.074553558,
2016,Mauritius,0.076661621,
2017,Mauritius,0.083539937,
2000,Morocco,0.029721148,
2001,Morocco,0.030212362,
2002,Morocco,0.030739746,
2003,Morocco,0.035645876,
2004,Morocco,0.034808606,
2005,Morocco,0.038413311,
2006,Morocco,0.039708598,
2007,Morocco,0.045196506,
2008,Morocco,0.050679005,
2009,Morocco,0.052098514,
2010,Morocco,0.050502137,
2011,Morocco,0.056916996,
2012,Morocco,0.053205807,
2013,Morocco,0.05523156,
2014,Morocco,0.056904908,
2015,Morocco,0.00521397,
2016,Morocco,0.002900564,
2017,Morocco,0.002944837,
2000,Nicaragua,0.021128714,
2001,Nicaragua,0.018363899,
2002,Nicaragua,0.018813548,
2003,Nicaragua,0.019595757,
2004,Nicaragua,0.018928113,
2005,Nicaragua,0.019296184,
2006,Nicaragua,0.019056154,
2007,Nicaragua,0.02043661,
2008,Nicaragua,0.019694091,
2009,Nicaragua,0.019481204,
2010,Nicaragua,0.021698616,
2011,Nicaragua,0.020397982,
2012,Nicaragua,0.021617944,
2013,Nicaragua,0.022802782,
2014,Nicaragua,0.024692914,
2015,Nicaragua,0.025915947,
2016,Nicaragua,0.027831192,
2017,Nicaragua,0.028842526,
2000,Niger,0.000534613,
2001,Niger,0.000653541,
2002,Niger,0.000787121,
2003,Niger,0.001028623,
2004,Niger,0.001029643,
2005,Niger,0.000925981,
2006,Niger,0.000890203,
2007,Niger,0.001075762,
2008,Niger,0.001023676,
2009,Niger,0.001276831,
2010,Niger,0.001434036,
2011,Niger,0.001592367,
2012,Niger,0.002107421,
2013,Niger,0.001552721,
2014,Niger,0.001252379,
2015,Niger,0.001637914,
2016,Niger,0.001030892,
2017,Niger,0.000850184,
2000,Panama,0.035898035,
2001,Panama,0.034591074,
2002,Panama,0.036703348,
2003,Panama,0.036378299,
2004,Panama,0.030786491,
2005,Panama,0.020839452,
2006,Panama,0.025348552,
2007,Panama,0.0260517,
2008,Panama,0.02440814,
2009,Panama,0.031125261,
2010,Panama,0.026496346,
2011,Panama,0.024318497,
2012,Panama,0.026760214,
2013,Panama,0.030603213,
2014,Panama,0.034159286,
2015,Panama,0.061036062,
2016,Panama,0.052899712,
2017,Panama,0.046147526,
2000,Paraguay,0.017064541,
2001,Paraguay,0.019110824,
2002,Paraguay,0.011384577,
2003,Paraguay,0.016783825,
2004,Paraguay,0.02432312,
2005,Paraguay,0.019142717,
2006,Paraguay,0.024867196,
2007,Paraguay,0.033149341,
2008,Paraguay,0.038706388,
2009,Paraguay,0.035713185,
2010,Paraguay,0.038061836,
2011,Paraguay,0.050029989,
2012,Paraguay,0.051234834,
2013,Paraguay,0.050758394,
2014,Paraguay,0.060686346,
2015,Paraguay,0.050992966,
2016,Paraguay,0.047629214,
2017,Paraguay,0.052661416,
2000,Peru,0.024012069,
2001,Peru,0.025707436,
2002,Peru,0.032469915,
2003,Peru,0.035521273,
2004,Peru,0.034871457,
2005,Peru,0.029902312,
2006,Peru,0.027867428,
2007,Peru,0.029254034,
2008,Peru,0.020101063,
2009,Peru,0.027660241,
2010,Peru,0.031957084,
2011,Peru,0.031183612,
2012,Peru,0.031788582,
2013,Peru,0.03525581,
2014,Peru,0.028336173,
2015,Peru,0.026206847,
2016,Peru,0.026204005,
2017,Peru,0.028940222,
2000,Philippines,0.008210047,
2001,Philippines,0.006076698,
2002,Philippines,0.005229431,
2003,Philippines,0.004741104,
2004,Philippines,0.003835756,
2005,Philippines,0.00393433,
2006,Philippines,0.002872759,
2007,Philippines,0.002432424,
2008,Philippines,0.002824471,
2009,Philippines,0.002898593,
2010,Philippines,0.002319522,
2011,Philippines,0.002406852,
2012,Philippines,0.002474678,
2013,Philippines,0.002026103,
2014,Philippines,0.002110799,
2015,Philippines,0.002558513,
2016,Philippines,0.00266308,
2017,Philippines,0.002926181,
2000,Romania,0.045689013,
2001,Romania,0.027641967,
2002,Romania,0.031735834,
2003,Romania,0.059303688,
2004,Romania,0.080209789,
2005,Romania,0.089299266,
2006,Romania,0.102749832,
2007,Romania,0.137913139,
2008,Romania,0.138457577,
2009,Romania,0.128392656,
2010,Romania,0.144996302,
2011,Romania,0.153838736,
2012,Romania,0.14438318,
2013,Romania,0.16371142,
2014,Romania,0.20464258,
2015,Romania,0.193678632,
2016,Romania,0.198468753,
2017,Romania,0.195423458,
2018,Romania,,
2000,Rwanda,0.002541189,
2001,Rwanda,0.001503435,
2002,Rwanda,0.001473349,
2003,Rwanda,0.001416825,
2004,Rwanda,0.001456711,
2005,Rwanda,0.001321008,
2006,Rwanda,0.00113719,
2007,Rwanda,0.000997869,
2008,Rwanda,0.001259169,
2009,Rwanda,0.002986884,
2010,Rwanda,0.005285209,
2011,Rwanda,0.006529372,
2012,Rwanda,0.005167556,
2013,Rwanda,0.005146724,
2014,Rwanda,0.004933222,
2015,Rwanda,0.00573917,
2016,Rwanda,0.005416825,
2017,Rwanda,0.005020132,
2005,Samoa,0.00598146,
2006,Samoa,0.004185234,
2007,Samoa,0.005333846,
2008,Samoa,0.005494625,
2002,Senegal,0.006710721,
2003,Senegal,0.009140281,
2004,Senegal,0.010786593,
2005,Senegal,0.010701414,
2006,Senegal,0.011257331,
2007,Senegal,0.017433699,
2008,Senegal,0.018125817,
2009,Senegal,0.015658092,
2010,Senegal,0.012119362,
2011,Senegal,0.013532877,
2012,Senegal,0.012575147,
2013,Senegal,0.010741575,
2014,Senegal,0.017436722,
2015,Senegal,0.015189612,
2016,Senegal,0.020154582,
2017,Senegal,0.012255572,
2008,Seychelles,0.286423438,
2009,Seychelles,0.256906199,
2010,Seychelles,0.365880381,
2011,Seychelles,0.393787684,
2012,Seychelles,0.354612992,
2013,Seychelles,0.392346649,
2014,Seychelles,0.394017874,
2015,Seychelles,0.390172771,
2016,Seychelles,0.416441161,
2017,Seychelles,0.497583439,
2004,Singapore,0.051419587,
2005,Singapore,0.052536598,
2006,Singapore,0.051179332,
2007,Singapore,0.055938361,
2008,Singapore,0.058901003,
2009,Singapore,0.057170338,
2010,Singapore,0.059888096,
2011,Singapore,0.06298645,
2012,Singapore,0.062294242,
2013,Singapore,0.061105496,
2014,Singapore,0.060274959,
2015,Singapore,0.076220512,
2016,Singapore,0.076433085,
2017,Singapore,0.105044427,
2000,Slovenia,0.267508842,0.435165593
2001,Slovenia,0.297552601,0.446482113
2002,Slovenia,0.326146739,0.448637197
2003,Slovenia,0.379123226,0.453124599
2004,Slovenia,0.436229353,0.440373103
2005,Slovenia,0.43597301,0.424860613
2006,Slovenia,0.450408929,0.409388207
2007,Slovenia,0.542385971,0.387097143
2008,Slovenia,0.630116226,0.344737078
2009,Slovenia,0.749618818,0.313801162
2010,Slovenia,0.732493334,0.308272844
2011,Slovenia,0.777291523,0.309049285
2012,Slovenia,0.774895934,0.29917544
2013,Slovenia,0.855562449,0.289110667
2014,Slovenia,0.870274942,0.272706782
2015,Slovenia,0.776130637,0.278960641
2016,Slovenia,0.817191647,0.275704668
2017,Slovenia,0.85050436,0.26827699
2018,Slovenia,,
2000,South Africa,0.052728232,
2001,South Africa,0.042464867,
2002,South Africa,0.035694657,
2003,South Africa,0.05147941,
2004,South Africa,0.066006909,
2005,South Africa,0.07802071,
2006,South Africa,0.07810639,
2007,South Africa,0.090825372,
2008,South Africa,0.080027988,
2009,South Africa,0.091955956,
2010,South Africa,0.133176004,
2011,South Africa,0.152903831,
2012,South Africa,0.146012507,
2013,South Africa,0.134600242,
2014,South Africa,0.129723418,
2015,South Africa,0.139020325,
2016,South Africa,0.124579984,
2017,South Africa,0.14805062,
2000,Eswatini,0.010808289,
2001,Eswatini,0.01040639,
2002,Eswatini,0.007621775,
2003,Eswatini,0.010382325,
2004,Eswatini,0.011559145,
2005,Eswatini,0.011196662,
2006,Eswatini,0.012868511,
2007,Eswatini,0.008548402,
2008,Eswatini,0.008525184,
2009,Eswatini,0.010189491,
2010,Eswatini,0.018927708,
2011,Eswatini,0.0264685,
2012,Eswatini,0.043049797,
2013,Eswatini,0.052358988,
2014,Eswatini,0.04821547,
2015,Eswatini,0.047337139,
2000,Togo,0.003348018,
2001,Togo,0.002394831,
2002,Togo,0.002414836,
2003,Togo,0.004252219,
2004,Togo,0.004590537,
2005,Togo,0.003976732,
2006,Togo,0.008074781,
2007,Togo,0.005608949,
2008,Togo,0.009108697,
2009,Togo,0.004211914,
2010,Togo,0.003605602,
2011,Togo,0.004095702,
2012,Togo,0.004033035,
2013,Togo,0.018946267,
2014,Togo,0.010286219,
2015,Togo,0.00753445,
2016,Togo,0.008276085,
2017,Togo,0.008611704,
2008,Trinidad and Tobago,0.011671811,
2009,Trinidad and Tobago,0.011233071,
2010,Trinidad and Tobago,0.012395493,
2011,Trinidad and Tobago,0.011799308,
2012,Trinidad and Tobago,0.011414961,
2013,Trinidad and Tobago,0.011764723,
2014,Trinidad and Tobago,0.010713942,
2015,Trinidad and Tobago,0.010058146,
2016,Trinidad and Tobago,0.014352157,
2017,Trinidad and Tobago,0.010830455,
2000,Tunisia,0.019538445,
2001,Tunisia,0.019161694,
2002,Tunisia,0.01938111,
2003,Tunisia,0.020836413,
2004,Tunisia,0.022031019,
2005,Tunisia,0.020514154,
2006,Tunisia,0.019369465,
2007,Tunisia,0.020523975,
2008,Tunisia,0.020417642,
2009,Tunisia,0.018082613,
2010,Tunisia,0.017604578,
2011,Tunisia,0.017590044,
2012,Tunisia,0.015523749,
2013,Tunisia,0.014498652,
2014,Tunisia,0.014854841,
2015,Tunisia,0.013889506,
2016,Tunisia,0.026720325,
2017,Tunisia,0.02548691,
2000,Uganda,0.005070494,
2001,Uganda,0.00465448,
2002,Uganda,0.004910904,
2003,Uganda,0.004717414,
2004,Uganda,0.005556889,
2005,Uganda,0.006269047,
2006,Uganda,0.007644408,
2007,Uganda,0.010180241,
2008,Uganda,0.012086988,
2009,Uganda,0.010768902,
2010,Uganda,0.011199154,
2011,Uganda,0.010256813,
2012,Uganda,0.011340444,
2013,Uganda,0.010073255,
2014,Uganda,0.011951767,
2015,Uganda,0.01057968,
2016,Uganda,0.01104414,
2017,Uganda,0.011688824,
2000,Uruguay,0.101263535,
2001,Uruguay,0.100832333,
2002,Uruguay,0.058913797,
2003,Uruguay,0.044995564,
2004,Uruguay,0.048203726,
2005,Uruguay,0.060265838,
2006,Uruguay,0.067078787,
2007,Uruguay,0.07281242,
2008,Uruguay,0.063406583,
2009,Uruguay,0.072251764,
2010,Uruguay,0.097221036,
2011,Uruguay,0.129813181,
2012,Uruguay,0.133274736,
2013,Uruguay,0.14791753,
2014,Uruguay,0.149487463,
2015,Uruguay,0.151182601,
2016,Uruguay,0.147387416,
2017,Uruguay,0.173806139,
2000,Venezuela,,
2001,Venezuela,,
2002,Venezuela,,
2003,Venezuela,,
2004,Venezuela,,
2005,Venezuela,,
2006,Venezuela,,
2007,Venezuela,,
2008,Venezuela,,
2009,Venezuela,,
2010,Venezuela,,
2003,Serbia,0.062306128,
2004,Serbia,0.069118866,
2005,Serbia,0.071541225,
2006,Serbia,0.085007806,
2007,Serbia,0.103173223,
2008,Serbia,0.117106148,
2009,Serbia,0.124284052,
2010,Serbia,0.11605584,
2011,Serbia,0.137551302,
2012,Serbia,0.116618845,
2013,Serbia,0.144420742,
2014,Serbia,0.163429825,
2015,Serbia,0.150016498,
2016,Serbia,0.164218441,
2005,Montenegro,0.107581588,
2006,Montenegro,0.122824963,
2000,OECD - Total,,
2001,OECD - Total,,
2002,OECD - Total,,
2003,OECD - Total,,
2004,OECD - Total,,
2005,OECD - Total,,
2006,OECD - Total,,
2007,OECD - Total,,
2008,OECD - Total,,
2009,OECD - Total,,
2010,OECD - Total,,
2011,OECD - Total,,
2012,OECD - Total,,
2013,OECD - Total,,
2014,OECD - Total,,
2015,OECD - Total,,
2016,OECD - Total,,
2017,OECD - Total,,
2018,OECD - Total,,
2000,OECD - Europe,,
2001,OECD - Europe,,
2002,OECD - Europe,,
2003,OECD - Europe,,
2004,OECD - Europe,,
2005,OECD - Europe,,
2006,OECD - Europe,,
2007,OECD - Europe,,
2008,OECD - Europe,,
2009,OECD - Europe,,
2010,OECD - Europe,,
2011,OECD - Europe,,
2012,OECD - Europe,,
2013,OECD - Europe,,
2014,OECD - Europe,,
2015,OECD - Europe,,
2016,OECD - Europe,,
2017,OECD - Europe,,
2018,OECD - Europe,,
2000,OECD Asia Oceania,,
2001,OECD Asia Oceania,,
2002,OECD Asia Oceania,,
2003,OECD Asia Oceania,,
2004,OECD Asia Oceania,,
2005,OECD Asia Oceania,,
2006,OECD Asia Oceania,,
2007,OECD Asia Oceania,,
2008,OECD Asia Oceania,,
2009,OECD Asia Oceania,,
2010,OECD Asia Oceania,,
2011,OECD Asia Oceania,,
2012,OECD Asia Oceania,,
2013,OECD Asia Oceania,,
2014,OECD Asia Oceania,,
2015,OECD Asia Oceania,,
2016,OECD Asia Oceania,,
2017,OECD Asia Oceania,,
2018,OECD Asia Oceania,,
2000,OECD America,,
2001,OECD America,,
2002,OECD America,,
2003,OECD America,,
2004,OECD America,,
2005,OECD America,,
2006,OECD America,,
2007,OECD America,,
2008,OECD America,,
2009,OECD America,,
2010,OECD America,,
2011,OECD America,,
2012,OECD America,,
2013,OECD America,,
2014,OECD America,,
2015,OECD America,,
2016,OECD America,,
2017,OECD America,,
2018,OECD America,,
2000,Bahamas,,
2001,Bahamas,,
2002,Bahamas,,
2003,Bahamas,,
2004,Bahamas,,
2005,Bahamas,,
2006,Bahamas,,
2007,Bahamas,,
2008,Bahamas,,
2009,Bahamas,,
2010,Bahamas,,
2011,Bahamas,,
2012,Bahamas,,
2013,Bahamas,,
2014,Bahamas,,
2015,Bahamas,,
2016,Bahamas,,
2017,Bahamas,,
2000,Belize,,
2001,Belize,,
2002,Belize,,
2003,Belize,,
2004,Belize,,
2005,Belize,,
2006,Belize,,
2007,Belize,,
2000,Brazil,,0.220361149
2013,China (People's Republic of),,
2014,China (People's Republic of),,
2015,China (People's Republic of),,
2000,Costa Rica,,
2000,Democratic Republic of the Congo,,
2000,Ecuador,,
2001,Ecuador,,
2002,Ecuador,,
2003,Ecuador,,
2004,Ecuador,,
2005,Ecuador,,
2006,Ecuador,,
2007,Ecuador,,
2008,Ecuador,,
2009,Ecuador,,
2011,Ecuador,,
2012,Ecuador,,
2013,Ecuador,,
2014,Ecuador,,
2015,Ecuador,,
2016,Ecuador,,
2017,Ecuador,,
2001,El Salvador,,
2002,El Salvador,,
2003,El Salvador,,
2004,El Salvador,,
2005,El Salvador,,
2006,El Salvador,,
2007,El Salvador,,
2008,El Salvador,,
2009,El Salvador,,
2013,El Salvador,,
2014,El Salvador,,
2000,Guyana,,
2001,Guyana,,
2002,Guyana,,
2003,Guyana,,
2004,Guyana,,
2005,Guyana,,
2006,Guyana,,
2007,Guyana,,
2008,Guyana,,
2009,Guyana,,
2010,Guyana,,
2011,Guyana,,
2012,Guyana,,
2013,Guyana,,
2014,Guyana,,
2015,Guyana,,
2016,Guyana,,
2017,Guyana,,
2000,Jamaica,,
2001,Jamaica,,
2002,Jamaica,,
2003,Jamaica,,
2004,Jamaica,,
2005,Jamaica,,
2006,Jamaica,,
2007,Jamaica,,
2008,Jamaica,,
2009,Jamaica,,
2010,Jamaica,,
2011,Jamaica,,
2012,Jamaica,,
2013,Jamaica,,
2014,Jamaica,,
2015,Jamaica,,
2016,Jamaica,,
2017,Jamaica,,
2000,Malaysia,,
2001,Malaysia,,
2002,Malaysia,,
2003,Malaysia,,
2004,Malaysia,,
2007,Malaysia,,
2013,Malaysia,,
2006,Mauritius,,
2010,Nigeria,,
2011,Nigeria,,
2012,Nigeria,,
2013,Nigeria,,
2014,Nigeria,,
2015,Nigeria,,
2000,Papua New Guinea,,
2001,Papua New Guinea,,
2002,Papua New Guinea,,
2003,Papua New Guinea,,
2004,Papua New Guinea,,
2005,Papua New Guinea,,
2006,Papua New Guinea,,
2007,Papua New Guinea,,
2008,Papua New Guinea,,
2009,Papua New Guinea,,
2010,Papua New Guinea,,
2011,Papua New Guinea,,
2012,Papua New Guinea,,
2013,Papua New Guinea,,
2014,Papua New Guinea,,
2015,Papua New Guinea,,
2016,Papua New Guinea,,
2017,Papua New Guinea,,
2000,Trinidad and Tobago,,
2001,Trinidad and Tobago,,
2002,Trinidad and Tobago,,
2003,Trinidad and Tobago,,
2004,Trinidad and Tobago,,
2005,Trinidad and Tobago,,
2006,Trinidad and Tobago,,
2007,Trinidad and Tobago,,
2000,Cabo Verde,,
2001,Cabo Verde,,
2002,Cabo Verde,,
2003,Cabo Verde,,
2004,Cabo Verde,,
2005,Cabo Verde,,
2006,Cabo Verde,,
2007,Cabo Verde,,
2008,Cabo Verde,,
2009,Cabo Verde,,
2010,Cabo Verde,,
2011,Cabo Verde,,
2012,Cabo Verde,,
2013,Cabo Verde,,
2014,Cabo Verde,,
2015,Cabo Verde,,
2016,Cabo Verde,,
2017,Cabo Verde,,
2016,Fiji,,
2017,Fiji,,
2007,Solomon Islands,,
2008,Solomon Islands,,
2009,Solomon Islands,,
2010,Solomon Islands,,
2011,Solomon Islands,,
2012,Solomon Islands,,
2013,Solomon Islands,,
2014,Solomon Islands,,
2015,Solomon Islands,,
2016,Solomon Islands,,
2017,Solomon Islands,,