Year,Country,GH_Energy,GH_Transport,GH_Total,GH_Waste
2000,Mexico,388524.421,117209.093,544660.103,23516.37
2001,Mexico,384016.621,117440.777,537610.978,24618.883
2002,Mexico,403130.019,119811.557,557652.412,25220.734
2003,Mexico,405611.557,127479.628,563298.299,25836.017
2004,Mexico,415276.319,135076.858,574316.756,25905.505
2005,Mexico,427667.238,139304.026,592587.216,28513.999
2006,Mexico,446791.302,147739.093,616361.7,30539.817
2007,Mexico,469983.561,158938.915,646665.303,32897.15
2008,Mexico,512085.954,168198.001,691822.339,35428.171
2009,Mexico,491313.434,161207.233,671577.378,37752.409
2010,Mexico,482483.74,164226.385,669084.029,39948.336
2011,Mexico,488342.824,167477.78,681190.359,41289.8
2012,Mexico,482297.096,167825.341,673721.904,42326.951
2013,Mexico,488339.507,164759.898,683120.592,43552.921
2014,Mexico,486760.061,163402.742,686159.5,44435.224
2015,Mexico,497483.996,171354.836,699564.266,45909.01
2000,Hungary,54665.138,9080.932,73207.971,4235.409
2001,Hungary,56584.688,9573.016,75243.855,4233.958
2002,Hungary,55393.694,10185.717,73602.067,4314.897
2003,Hungary,58374.083,10661.229,76638.835,4376.905
2004,Hungary,56459.401,11102.158,75604.515,4238.265
2005,Hungary,55961.534,12025.565,75359.657,4194.096
2006,Hungary,55204.437,12770.776,74143.447,4193.071
2007,Hungary,53697.864,13088.591,72383.62,4196.039
2008,Hungary,53031.755,13018.272,70576.452,4182.662
2009,Hungary,48430.079,12980.41,64585.792,4173.478
2010,Hungary,48770.19,11649.458,64949.134,4111.212
2011,Hungary,47019.107,11078.199,63351.009,3960.725
2012,Hungary,43767.962,10749.742,59647.182,3921.966
2013,Hungary,41313.095,10026.44,56795.769,3706.897
2014,Hungary,40875.771,11184.765,57415.82,3608.475
2015,Hungary,43338.444,12203.415,60767.143,3470.443
2016,Hungary,44451.963,12474.803,61139.78,3359.928
2017,Hungary,46150.071,13143.316,63787.58,3376.859
2000,United States,6168634.348,1811649.678,7232010.774,164366.008
2001,United States,6090369.016,1788207.863,7116810.082,159507.459
2002,United States,6121759.41,1828580.164,7156652.868,157680.376
2003,United States,6174167.004,1816961.474,7199262.662,160547.809
2004,United States,6280019.049,1857446.06,7333052.049,158178.578
2005,United States,6307950.169,1877747.954,7339039.869,154722.779
2006,United States,6223855.613,1874149.512,7270326.948,152726.652
2007,United States,6291171.311,1870347.492,7369967.706,150783.876
2008,United States,6117152.88,1772486.858,7160600.813,148749.847
2009,United States,5713885.857,1700064.585,6709369.145,146128.617
2010,United States,5894378.026,1709199.587,6938591.681,147012.718
2011,United States,5751065.577,1690344.383,6787419.028,138154.378
2012,United States,5538315.736,1676262.214,6545969.331,139374.21
2013,United States,5695017.546,1692379.895,6710218.175,135757.711
2014,United States,5736385.389,1725458.265,6759995.633,135571.465
2015,United States,5584710.975,1736612.236,6623775.479,134474.764
2016,United States,5465322.32,1781875.829,6492267.425,131101.45
2017,United States,5424823.498,1802624.048,6456718.193,130955.417
2000,Iceland,2210.478,662.63,4037.677,266.888
2001,Iceland,2095.477,673.704,3935.29,276.212
2002,Iceland,2203.38,677.612,4005.901,279.388
2003,Iceland,2194.098,774.219,3984.219,280.176
2004,Iceland,2294.827,827.728,4088.266,291.531
2005,Iceland,2184.436,836.331,3947.31,279.439
2006,Iceland,2253.866,982.55,4547.647,314.881
2007,Iceland,2402,1018.624,4853.207,314.128
2008,Iceland,2259.526,962.542,5241.397,301.04
2009,Iceland,2177.381,935.484,4943.028,291.007
2010,Iceland,2056.975,890.19,4844.821,290.986
2011,Iceland,1922.488,854.09,4581.642,267.699
2012,Iceland,1880.598,844.308,4601.812,238.667
2013,Iceland,1844.349,859.994,4598.715,251.931
2014,Iceland,1859.47,862.092,4634.494,249.88
2015,Iceland,1876.935,894.814,4715.093,244.642
2016,Iceland,1857.622,975.243,4639.913,237.162
2017,Iceland,1907.489,1030.063,4754.644,229.62
2000,Australia,364291.34,74127.582,485018.616,15661.246
2001,Australia,371477.349,74092.405,492461.681,15872.788
2002,Australia,374600.498,75623.85,496318.641,15987.229
2003,Australia,380070.16,78104.581,498118.962,14908.56
2004,Australia,393503.491,81175.769,515931.287,14517.793
2005,Australia,399634.6,82211.726,521801.01,14386.991
2006,Australia,405966.941,83503.686,526437.29,14174.952
2007,Australia,413805.019,85851.112,533138.415,14514.163
2008,Australia,419448.504,86957.285,537031.992,14989.673
2009,Australia,424728.033,87320.87,540913.37,14900.526
2010,Australia,420136.758,88777.533,537275.249,15212.957
2011,Australia,416731.045,91400.146,538280.611,14544.216
2012,Australia,422237.867,91935.231,540615.865,12984.083
2013,Australia,414450.481,92151.823,530433.519,12364.726
2014,Australia,408686.073,93269.645,524957.101,12490.116
2015,Australia,420302.605,95267.672,535173.674,11949.137
2016,Australia,432094.821,96353.685,546771.76,12407.836
2017,Australia,435648.632,98731.775,554126.561,11787.516
2000,Japan,1197996.459,256965.627,1374846.588,32482.502
2001,Japan,1185732.554,260987.609,1349407.01,30794.665
2002,Japan,1217352.925,257089.23,1373198,29695.132
2003,Japan,1226137.653,252777.61,1379176.143,29350.103
2004,Japan,1221820.725,246557.022,1371761.543,28447.847
2005,Japan,1228506.173,240841.293,1378956.848,27623.819
2006,Japan,1205645.143,237997.16,1357394.991,26251.794
2007,Japan,1241786.115,235104.022,1393442.086,25923.71
2008,Japan,1174187.186,227318.39,1321398.226,26569.828
2009,Japan,1112586.421,223856.761,1248598.695,23513.241
2010,Japan,1162548.401,224191.89,1302731.547,23314.867
2011,Japan,1213240.261,219250.461,1353795.033,22323.644
2012,Japan,1253703.919,220034.119,1396605.099,22635.106
2013,Japan,1261050.852,217065.474,1408057.251,22377.081
2014,Japan,1211880.441,212015.225,1360070.649,21474.584
2015,Japan,1172979.236,210704.691,1321466.534,21271.514
2016,Japan,1155376.656,208777.839,1305751.328,20286.931
2017,Japan,1137031.07,207042.266,1289630.582,20109.837
2000,France,397090.057,142070.679,556370.453,22019.148
2001,France,402452.6,144829.352,561354.832,22188.555
2002,France,397183.429,145761.386,554879.239,22304.134
2003,France,403959.194,145121.905,559543.624,22310.36
2004,France,403439.07,145720.496,557794.011,22010.408
2005,France,406614.358,143412.442,559498.925,21799.732
2006,France,395767.715,142721.318,547093.229,21634.119
2007,France,384641.925,141367.097,536947.728,21258.013
2008,France,379734.781,134824.496,530315.424,21060.214
2009,France,366212.802,133263.071,510350.606,20432.783
2010,France,372421.266,136269.297,517115.54,20577.575
2011,France,348052.471,136322.777,491009.447,20059.557
2012,France,350700.29,134774.411,490856.472,19302.915
2013,France,351768.204,134159.559,491141.064,18818.221
2014,France,320898.001,133981.91,461479.202,18562.096
2015,France,327554.294,135100.733,466384.615,17523.728
2016,France,330462.82,135678.512,467622.112,17250.426
2017,France,332706.828,136066.747,471028.185,17449.049
2000,Poland,322170.468,28678.481,395472.416,18455.914
2001,Poland,323174.532,28428.184,394370.742,18074.399
2002,Poland,315763.376,27426.47,384386.31,17827.246
2003,Poland,327240.063,29874.321,398004.613,17678.667
2004,Poland,330922.345,33773.044,403040.147,17248.781
2005,Poland,331239.12,36253.858,403424.419,17061.479
2006,Poland,343045.783,40091.391,418137.524,16761.642
2007,Poland,340513.837,44231.484,418633.151,16612.838
2008,Poland,334912.059,46194.251,411395.642,16387.447
2009,Poland,323791.267,46892.983,393443.182,16257.484
2010,Poland,340898.846,49404.157,411668.712,16041.887
2011,Poland,337601.732,49992.009,411033.612,15454.669
2012,Poland,331678.57,48040.489,403648.282,15180.531
2013,Poland,327958.191,45187.382,399974.183,14988.519
2014,Poland,314089.592,45529.753,387087.466,14430.934
2015,Poland,318446.477,48028.331,390444.595,13877.029
2016,Poland,328953.87,54778.104,399122.535,13459.841
2017,Poland,342088.541,63353.039,413781.401,12954.931
2000,Lithuania,10810.951,3208.208,19503.273,1538.444
2001,Lithuania,11442.104,3446.528,20253.097,1576.752
2002,Lithuania,11529.076,3568.242,20648.056,1565.318
2003,Lithuania,11533.426,3630.3,20809.987,1554.592
2004,Lithuania,12166.935,3967.171,21645.034,1527.799
2005,Lithuania,13047.936,4214.135,22849.555,1487.25
2006,Lithuania,13122.494,4483.722,23141.982,1453.367
2007,Lithuania,13378.607,5247.146,25294.383,1428.697
2008,Lithuania,13197.499,5217.487,24321.859,1412.196
2009,Lithuania,11930.594,4309.271,19909.396,1367.26
2010,Lithuania,12879.662,4423.559,20728.508,1336.623
2011,Lithuania,12032.518,4383.544,21294.554,1242.356
2012,Lithuania,12076.774,4396.93,21228.985,1206.478
2013,Lithuania,11422.251,4385.792,19945.806,1170.988
2014,Lithuania,11051.192,4858.823,19907.759,1106.995
2015,Lithuania,11051.977,5108.269,20205.623,1043.276
2016,Lithuania,11344.814,5489.588,20186.466,1018.647
2017,Lithuania,11338.105,5754.79,20417.334,1038.066
2000,United Kingdom,565974.396,130283.789,715687.11,63167.726
2001,United Kingdom,575259.831,129859.079,718693.019,61153.739
2002,United Kingdom,558970.749,132256.052,699148.15,59925.665
2003,United Kingdom,566672.308,131493.935,706205.017,56132.708
2004,United Kingdom,566349.587,132693.32,702933.154,51947.027
2005,United Kingdom,562536.1,133594.171,695164.991,49357.35
2006,United Kingdom,560330.44,133033.997,688015.337,46213.762
2007,United Kingdom,549833.949,134313.345,676322.436,43177.784
2008,United Kingdom,536623.525,128539.076,655903.39,38715.777
2009,United Kingdom,491596.82,123793.441,599870.776,34680.503
2010,United Kingdom,507760.17,121981.144,614360.615,30109.796
2011,United Kingdom,466015.656,120023.172,567160.785,28080.519
2012,United Kingdom,484115.144,119131.026,583652.53,26504.671
2013,United Kingdom,471514.262,117913.944,569901.739,23455.676
2014,United Kingdom,432273.29,119480.181,529502.806,21218.966
2015,United Kingdom,416102.279,122077.147,511980.26,20986.101
2016,United Kingdom,394601.306,124612.806,487034.986,20365.652
2017,United Kingdom,381802.826,124660.599,474346.119,20663.703
2000,New Zealand,29947.831,12425.131,76179.517,4742.078
2001,New Zealand,31974.429,12491.339,79102.958,4802.902
2002,New Zealand,31994.585,12959.004,79386.992,4844.528
2003,New Zealand,33475.227,13511.332,81590.528,4788.967
2004,New Zealand,33029.973,13819.586,81250.987,4812.06
2005,New Zealand,34529.593,13901.48,83270.227,4833.838
2006,New Zealand,34714.535,14032.736,83442.279,4757.327
2007,New Zealand,33389.318,14147.524,81325.401,4743.777
2008,New Zealand,34789.322,14180.808,81266.895,4686.749
2009,New Zealand,32103.256,13995.927,78477.27,4627.319
2010,New Zealand,32170.44,14162.455,78964.898,4526.055
2011,New Zealand,31260.076,14157.506,78679.12,4417.865
2012,New Zealand,32801.556,13920.277,81054.662,4360.357
2013,New Zealand,32133.701,14131.959,80540.662,4285.193
2014,New Zealand,32318.907,14194.342,81310.135,4219.111
2015,New Zealand,32395.888,14771.507,81202.023,4179.045
2016,New Zealand,31103.814,15005.097,79136.114,4116.476
2017,New Zealand,32876.579,15935.72,80853.468,4124.75
2000,Slovenia,15247.483,3807.982,19075.523,864.983
2001,Slovenia,16109.641,3929.043,19994.173,887.364
2002,Slovenia,16221.052,3851.838,20175.998,891.561
2003,Slovenia,15955.774,3991.038,19899.911,900.746
2004,Slovenia,16297.986,4141.755,20217.008,876.442
2005,Slovenia,16536.881,4416.466,20519.463,847.588
2006,Slovenia,16707.911,4636.054,20707.174,819.77
2007,Slovenia,16828.59,5217.326,20847.162,778.889
2008,Slovenia,17848.784,6140.605,21572.751,697.42
2009,Slovenia,16260.385,5311.569,19601.546,638.211
2010,Slovenia,16321.81,5254.71,19625.913,629.905
2011,Slovenia,16331.099,5691.569,19634.791,633.946
2012,Slovenia,15768.393,5765.077,19062.286,615.651
2013,Slovenia,15037.123,5460.259,18359.167,596.47
2014,Slovenia,13250.459,5387.066,16625.556,563.818
2015,Slovenia,13399.326,5362.353,16819.79,577.783
2016,Slovenia,14243.25,5734.295,17681.281,571.868
2017,Slovenia,13999.841,5541.371,17453.495,557.049
2000,Norway,36427.743,12104.296,54831.963,1821.938
2001,Norway,38299.122,12403.019,56117.814,1767.193
2002,Norway,37941.681,12335.317,55029.012,1678.708
2003,Norway,39332.945,12825.945,55694.303,1671.046
2004,Norway,39128.716,13033.408,56203.397,1664.462
2005,Norway,38715.961,13258.043,55366.869,1575.247
2006,Norway,39618.787,13756.283,55327.358,1593.463
2007,Norway,41218.176,14068.217,57013.372,1582.152
2008,Norway,40016.369,13869.675,55595.911,1521.79
2009,Norway,39947.813,13721.867,53178.49,1532.489
2010,Norway,41525.152,14306.756,55466.75,1510.144
2011,Norway,40673.592,14609.991,54638.046,1488.182
2012,Norway,40180.315,14765.382,54090.283,1463.642
2013,Norway,40002.506,14683.191,54015.24,1431.135
2014,Norway,39953.432,14711.469,54127.25,1378.768
2015,Norway,40247.759,14274.978,54450.031,1310.349
2016,Norway,39267.404,13695.572,53607.837,1257.767
2017,Norway,38412.33,12473.951,52712.543,1199.481
2000,Finland,53746.224,12114.411,70129.822,3850.026
2001,Finland,59176.677,12229.598,75490.3,3690.264
2002,Finland,61771.291,12410.933,77946.671,3431.113
2003,Finland,69362.877,12610.306,85531.912,3225.475
2004,Finland,65485.819,12944.795,81841.153,3063.8
2005,Finland,53707.059,12920.999,69812.897,2823.455
2006,Finland,64811.244,13081.268,81174.185,2897.641
2007,Finland,62816.67,13423.001,79513.286,2794.453
2008,Finland,54483.577,12776.579,71399.309,2674.917
2009,Finland,52634.87,12205.393,67804.042,2582.109
2010,Finland,60237.149,12712.362,75626.967,2583.246
2011,Finland,52716.088,12517.362,67805.301,2502.167
2012,Finland,47557.265,12208.872,62415.207,2449.144
2013,Finland,48134.831,12003.064,62893.828,2331.825
2014,Finland,44305.656,10867.503,58733.067,2206.598
2015,Finland,40602.643,10858.276,55122.852,2133.721
2016,Finland,43385.831,12077.592,58044.309,1993.502
2017,Finland,41022.58,11484.019,55334.134,1888.274
2000,Sweden,49128.011,19722.636,68482.627,3222.436
2001,Sweden,49973.47,19888.664,68853.733,3171.68
2002,Sweden,50726.497,20322.129,69791.149,2997.797
2003,Sweden,51711.611,20575.026,70211.601,2832.105
2004,Sweden,50503.54,20887.027,69319.207,2811.252
2005,Sweden,48033.307,21058.123,66587.267,2673.487
2006,Sweden,47914.024,20921.827,66536.133,2584.023
2007,Sweden,46942.056,21160.277,64935.639,2406.033
2008,Sweden,45099.586,20639.18,62566.497,2143.118
2009,Sweden,43232.821,20229.011,58340.457,2053.161
2010,Sweden,47146.599,20349.084,64282.221,1924.226
2011,Sweden,43352.484,19905.151,60207.287,1832.717
2012,Sweden,40995.777,18660.73,56872.55,1693.541
2013,Sweden,39388.824,18205.251,55366.277,1608.528
2014,Sweden,37985.065,17804.699,53831.574,1494.303
2015,Sweden,37888.338,17844.402,53460.575,1400.282
2016,Sweden,36899.647,17041.873,52942.814,1318.286
2017,Sweden,36631.715,16573.124,52660.267,1253.399
2000,Spain,289880.952,86576.981,387527.927,12526.859
2001,Spain,290968.669,90028.979,385240.586,12848.056
2002,Spain,310365.568,91756.426,403569.262,13127.565
2003,Spain,313859.739,96210.318,410975.148,12959.47
2004,Spain,329789.753,99786.059,426792.945,12594.841
2005,Spain,343553.489,102300.476,441038.21,12870.209
2006,Spain,334064.904,105522.973,434005.888,13135.94
2007,Spain,342229.071,107808.103,445157.524,13422.087
2008,Spain,314503.648,101873.804,411404.408,13653.428
2009,Spain,280257.193,94616.784,372107.49,14962.154
2010,Spain,265565.801,91288.914,357676.78,14075.612
2011,Spain,268373.544,86134.018,357344.003,14614.175
2012,Spain,264768.195,80054.09,350671.711,14406.851
2013,Spain,238989.401,79822.79,323441.196,14003.419
2014,Spain,239076.899,80124.143,326121,13087.324
2015,Spain,254438.34,83235.236,337598.745,13900.392
2016,Spain,243847.798,86103.006,326383.407,13651.286
2017,Spain,258913.239,88784.457,340230.876,13545.803
2000,Italy,459094.714,123808.391,554105.749,21887.132
2001,Italy,463554.85,125572.571,561225.23,23186.101
2002,Italy,464525.48,127982.338,561242.991,22449.502
2003,Italy,477495.094,128069.164,575695.548,22316.68
2004,Italy,479550.863,129768.364,579999.234,21725.47
2005,Italy,479674.593,128449.548,580599.891,21880.06
2006,Italy,473704.926,129658.508,570044.72,21345.386
2007,Italy,463806.164,129469.507,560568.96,20978.532
2008,Italy,455079.439,122440.154,547846.689,20435.67
2009,Italy,409119.418,116802.991,496177.671,20569.839
2010,Italy,418614.604,115247.846,505773.047,20398.72
2011,Italy,405174.148,114183.506,492475.307,19753.485
2012,Italy,387593.139,106490.016,472722.356,19852.739
2013,Italy,360648.707,103801.771,442708.383,18623.225
2014,Italy,345174.965,108638.926,426211.75,18467.592
2015,Italy,352832.056,106008.423,434043.793,18570.667
2016,Italy,350284.323,103137.88,432119.011,18278.476
2017,Italy,345851.738,99486.614,427707.847,18249.141
2000,Luxembourg,8086.851,4868.382,9678.139,104.612
2001,Luxembourg,8641.444,5113.154,10165.429,103.983
2002,Luxembourg,9412.696,5301.056,10941.889,104.277
2003,Luxembourg,9939.007,5852.038,11380.837,108.875
2004,Luxembourg,11266.999,6812.166,12783.081,104.055
2005,Luxembourg,11552.46,7187.598,13024.764,104.664
2006,Luxembourg,11333.52,6864.174,12852.453,104.735
2007,Luxembourg,10735.826,6577.944,12267.328,106.244
2008,Luxembourg,10662.106,6682.794,12153.882,107.107
2009,Luxembourg,10184.355,6159.281,11607.673,106.462
2010,Luxembourg,10736.643,6516.686,12180.078,95.192
2011,Luxembourg,10612.676,6892.721,12061.974,91.331
2012,Luxembourg,10410.168,6584.815,11781.298,89.047
2013,Luxembourg,9872.423,6438.71,11238.613,89.553
2014,Luxembourg,9388.242,6138.849,10786.88,90.667
2015,Luxembourg,8896.001,5705.523,10294.939,85.191
2016,Luxembourg,8614.249,5533.367,10051.955,83.232
2017,Luxembourg,8778.128,5638.737,10236.084,84.319
2000,Russia,1514670.803,174136.926,1900819.656,61577.993
2001,Russia,1555506.441,178250.934,1941993.687,62761.313
2002,Russia,1539750.577,185528.82,1923732.088,63836.1
2003,Russia,1574134.996,194137.141,1958581.742,65045.055
2004,Russia,1577670.603,205496.138,1973483.878,66326.062
2005,Russia,1601108.876,207822.027,1993962.737,68016.87
2006,Russia,1657950.354,214904.201,2056688.154,69599.811
2007,Russia,1653677.268,221512.747,2058076.278,71534.836
2008,Russia,1695059.611,227477.17,2097172.648,73285.982
2009,Russia,1584171.313,212899.132,1960223.768,74834.959
2010,Russia,1668369.216,229571.431,2057672.767,76726.405
2011,Russia,1722410.018,240454.094,2120496.667,79193.45
2012,Russia,1729734.973,234448.326,2146305.498,81460.887
2013,Russia,1665329.564,239074.61,2090717.033,83954.847
2014,Russia,1659149.9,235488.654,2089475.082,87331.882
2015,Russia,1661459.271,245352.139,2093652.942,90023.926
2016,Russia,1661469.869,244889.268,2097476.836,92481.496
2017,Russia,1699877.288,248322.093,2155470.669,94485.899
2000,Turkey,216053.713,36464.868,298889.947,14348.403
2001,Turkey,199232.913,36454.765,280410.863,15479.646
2002,Turkey,205832.168,36233.996,286072.834,15922.028
2003,Turkey,220300.439,37824.807,305596.127,16218.456
2004,Turkey,226139.328,42048.054,314951.025,16642.682
2005,Turkey,243964.913,42041.16,337212.68,17310.161
2006,Turkey,259959.199,45423.901,358154.98,18031.102
2007,Turkey,290770.554,52098.693,391422.846,18300.057
2008,Turkey,287278.86,48166.328,387593.327,18349.001
2009,Turkey,292500.506,47906.781,395515.458,18848.715
2010,Turkey,287047.242,45391.993,398660.533,19530.283
2011,Turkey,308666.167,47385.833,427571.905,19756.176
2012,Turkey,320488.908,62524.978,446935.087,19354.231
2013,Turkey,307523.304,68864.918,438968.822,18171.25
2014,Turkey,325767.117,73559.268,457961.868,18169.631
2015,Turkey,340907.255,75797.654,472190.81,18815.314
2016,Turkey,359671.352,81841.2,498468.939,18440.816
2017,Turkey,379900.744,84659.191,526252.988,17355.026
2000,Austria,55403.316,18817.907,80414.98,2963.107
2001,Austria,59590.862,20308.804,84324.341,2865.49
2002,Austria,60849.212,22221.179,86110.742,2863.104
2003,Austria,66529.079,24073.841,91788.393,2866.585
2004,Austria,66536.536,24589.607,91382.837,2929.957
2005,Austria,67138.262,24943.777,92566.556,2790.995
2006,Austria,64161.759,23673.896,90117.311,2671.21
2007,Austria,60935.323,23891.703,87472.735,2543.327
2008,Austria,59930.288,22414.305,86816.181,2431.104
2009,Austria,56882.247,21753.316,80328.502,2284.73
2010,Austria,59562.725,22567.801,84753.257,2157.952
2011,Austria,57282.821,21912.5,82460.3,2042.633
2012,Austria,55188.172,21730.474,79811.325,1942.3
2013,Austria,55520.132,22910.723,80352.532,1823.76
2014,Austria,51695.586,22206.064,76679.763,1720.757
2015,Austria,53409.471,22675.855,78897.253,1637.641
2016,Austria,54279.03,23519.18,79596.112,1557.281
2017,Austria,56272.292,24265.843,82261.468,1484.314
2000,Israel,59052.16,14108.72,67163,3076.38
2003,Israel,62299.569,14718.897,71447.592,4083.493
2004,Israel,62267.511,14411.983,71882.615,4353.976
2005,Israel,62286.027,14207.923,72400.331,4607.32
2006,Israel,63251.916,14643.217,73781.328,4846.131
2007,Israel,65991.003,15296.495,76930.178,5066.268
2008,Israel,65694.853,15446.664,78435.197,5257.61
2009,Israel,63221.188,15652.241,74568.173,5407.405
2010,Israel,64697.969,16292.884,77235.616,5708.151
2011,Israel,66324.056,16179.815,79187.523,5888.64
2012,Israel,71527.599,16482.121,85028.104,6080.864
2013,Israel,65542.684,16735.28,79568.917,6094.284
2014,Israel,63041.069,16769.869,76957.357,6219.025
2015,Israel,65445.527,17615.751,80600.538,6207.373
2016,Israel,64271.967,18109.577,79935.036,6363.028
2000,Canada,600233.01,152800.876,730587.602,20199.773
2001,Canada,592825.204,153588.863,719733.428,19754.794
2002,Canada,594760.88,154896.908,724348.553,20346.312
2003,Canada,608243.158,157722.489,741002.788,19957.851
2004,Canada,603973.15,161534.743,742971.644,20527.951
2005,Canada,594866.989,166611.939,730349.476,20154.392
2006,Canada,585792.651,166652.371,721444.528,21152.54
2007,Canada,609829.879,169122.103,743766.91,20840.989
2008,Canada,591013.847,167933.987,723225.103,19728.601
2009,Canada,559597.159,163730.512,681699.295,18659.024
2010,Canada,568735.051,168922.462,692618.853,18381.221
2011,Canada,576225.227,168463.862,703378.949,18238.279
2012,Canada,578288.232,170837.934,711023.233,17727.465
2013,Canada,589362.846,174981.231,722062.808,18233.901
2014,Canada,594122.477,173344.37,723090.986,18698.015
2015,Canada,592118.344,174382.096,721992.084,18782.287
2016,Canada,575302.767,175138.819,707727.166,18696.518
2017,Canada,583292.704,174360,715749.232,18758.39
2000,Denmark,54862.164,12677.405,71367.589,1504.865
2001,Denmark,56689.998,12732.75,73066.247,1539.206
2002,Denmark,56166.318,12900.38,72590.383,1568.693
2003,Denmark,61466.922,13366.807,77644.968,1579.034
2004,Denmark,55874.544,13611.626,71510.993,1274.059
2005,Denmark,52189.348,13825.259,67090.868,1263.975
2006,Denmark,60101.686,14155.416,74858.973,1322.219
2007,Denmark,55282.721,14707.431,70293.314,1310.808
2008,Denmark,52027.782,14554.239,66656.531,1288.026
2009,Denmark,49960.45,13778.007,63875.914,1244.24
2010,Denmark,50625.919,13649.018,64178.39,1175.066
2011,Denmark,45269.304,13354.749,58946.94,1169.675
2012,Denmark,40686.66,12769.434,54334.566,1126.043
2013,Denmark,42452.385,12567.248,56021.366,1104.175
2014,Denmark,38168.628,12681.811,51870.799,1099.152
2015,Denmark,35856.017,12955.688,49253.853,1084.174
2016,Denmark,37476.261,13273.925,51297.737,1123.71
2017,Denmark,35324.891,13481.128,49225.641,1145.999
2000,Switzerland,42181.482,15926.58,52352.21,829.648
2001,Switzerland,43596.987,15626.303,53893.457,844.415
2002,Switzerland,41995.537,15550.567,52265.519,856.702
2003,Switzerland,43189.143,15716.254,53400.853,834.947
2004,Switzerland,43555.236,15795.69,54029.308,853.075
2005,Switzerland,43991.044,15855.473,54714.178,844.527
2006,Switzerland,43601.516,15970.628,54334.777,843.964
2007,Switzerland,41553.202,16294.255,52441.789,827.184
2008,Switzerland,42944.824,16644.057,53913.729,809.917
2009,Switzerland,41834.917,16437.791,52562.466,788.174
2010,Switzerland,43202.81,16326.366,54117.093,774.81
2011,Switzerland,39140.018,16144.396,50028.65,759.718
2012,Switzerland,40530.934,16258.88,51455.519,738.215
2013,Switzerland,41450.886,16167.371,52229.405,732.186
2014,Switzerland,37405.173,16058.541,48364.096,723.168
2015,Switzerland,37071.124,15321.215,47815.882,715.994
2016,Switzerland,37460.9,15151.186,48182.776,702.969
2017,Switzerland,36468.306,14883.98,47158.963,690.759
2000,Chile,52511.897,17335.585,76586.655,3822.449
2001,Chile,50412.022,16391.101,74731.673,4205.697
2002,Chile,51147.128,16929.598,76179.429,4661.368
2003,Chile,51806.063,16707.437,76956.024,4846.596
2004,Chile,56475.397,17331.078,82608.999,4961.237
2005,Chile,57962.29,19087.946,84333.73,5228.613
2006,Chile,58808.145,18697.2,85554.923,5029.053
2007,Chile,68352.299,20267.786,93655.963,4738.196
2008,Chile,69664.947,21220.088,94261.927,4540.389
2009,Chile,67517.73,21222.197,90886.579,4364.624
2010,Chile,68623.517,20947.578,91862.257,4502.158
2011,Chile,76288.278,21852.059,99861.19,4653.976
2012,Chile,80323.052,22867.894,104492.363,4800.56
2013,Chile,79993.652,24860.357,104304.348,5318.367
2014,Chile,77417.013,23552.496,101473.89,5403.889
2015,Chile,83713.415,25475.959,108243.312,5734.504
2016,Chile,87135.57,26936.368,111677.506,5801.065
2000,Ireland,42497.946,10801.159,68478.407,1489.093
2001,Ireland,44605.303,11324.294,70475.259,1601.842
2002,Ireland,43379.203,11513.127,68428.659,1707.602
2003,Ireland,44016.014,11714.757,68662.575,1763.099
2004,Ireland,43814.79,12435.47,67963.834,1484.204
2005,Ireland,45720.087,13143.234,69495.032,1290.678
2006,Ireland,45221.378,13822.62,68782.226,1326.397
2007,Ireland,45163.601,14405.798,68018.498,848.509
2008,Ireland,45272.347,13674.025,67301.827,687.386
2009,Ireland,40777.075,12451.485,61547.234,515.205
2010,Ireland,40409.688,11535.07,61104.844,499.723
2011,Ireland,36909.405,11222.753,56989.193,590.771
2012,Ireland,36995.967,10836.272,57611.534,515.089
2013,Ireland,35780.248,11067.609,57410.215,671.034
2014,Ireland,35049.15,11347.607,57098.537,852.471
2015,Ireland,36607.52,11812.731,59211.813,948.75
2016,Ireland,37930.04,12294.647,61270.202,957.18
2017,Ireland,36762.358,12002.562,60743.725,933.402
2000,Belgium,106039.84,24883.707,149729.922,3949.474
2001,Belgium,106491.939,25438.372,148131.89,3516.989
2002,Belgium,106240.451,25740.673,147567.284,3531.616
2003,Belgium,107458.066,26327.025,147932.269,3196.735
2004,Belgium,107788.469,27395.531,149230.634,3234.671
2005,Belgium,105504.649,26588.222,145283.842,3055.134
2006,Belgium,103819.233,27177.276,142660.424,3036.454
2007,Belgium,101724.187,28014.29,138960.92,2989.527
2008,Belgium,101561.997,28095.915,138827.782,2780.14
2009,Belgium,94800.081,27287.607,126262.687,2602.33
2010,Belgium,98755.554,26434.443,132921.986,2499.727
2011,Belgium,89187.162,26049.38,122198.356,2289.444
2012,Belgium,88228.519,25238.448,119372.665,2206.207
2013,Belgium,87752.224,24750.998,119304.384,1832.191
2014,Belgium,81944.537,24982.01,113505.967,1654.421
2015,Belgium,85722.532,26697.348,117122.085,1596.594
2016,Belgium,84035.586,26398.937,115783.177,1484.19
2017,Belgium,83262.197,25823.788,114539.902,1476.817
2000,Estonia,14974.853,1682.109,17359.616,562.451
2001,Estonia,15319.758,2009.363,17760.351,570.029
2002,Estonia,15029.543,2141.843,17221.192,557.943
2003,Estonia,16831.062,2034.751,19110.046,546.463
2004,Estonia,16923.367,2080.274,19374.736,540.179
2005,Estonia,16790.325,2153.855,19203.239,515.187
2006,Estonia,16065.819,2314.601,18498.049,499.767
2007,Estonia,19549.766,2437.91,22224.685,494.428
2008,Estonia,17324.795,2315.712,20046.143,478.621
2009,Estonia,14562.819,2135.642,16757.925,500.593
2010,Estonia,18940.323,2262.049,21213.674,494.309
2011,Estonia,18889.825,2271.459,21258.933,456.565
2012,Estonia,17497.214,2295.346,20170.85,441.41
2013,Estonia,19183.921,2242.838,21941.907,407.717
2014,Estonia,18687.466,2267.115,21147.38,363.795
2015,Estonia,15872.589,2326.716,18126.699,356.689
2016,Estonia,17486.213,2363.27,19664.974,340.405
2017,Estonia,18532.349,2442.596,20879.879,328.695
2000,Slovak Republic,36444.783,5725.613,49196.019,1419.492
2001,Slovak Republic,38431.853,6147.1,51474.964,1427.128
2002,Slovak Republic,36001.32,6161.49,50119.834,1433.013
2003,Slovak Republic,36854.186,6081.468,50423.818,1444.613
2004,Slovak Republic,36416.414,6818.95,51115.302,1460.463
2005,Slovak Republic,36966.066,7697.607,51142.215,1469.899
2006,Slovak Republic,36043.345,6845.574,51030.315,1518.985
2007,Slovak Republic,34432.566,7548.448,49243.411,1488.67
2008,Slovak Republic,35011.847,7900.609,49712.73,1501.158
2009,Slovak Republic,32410.436,7006.679,45429.066,1541.696
2010,Slovak Republic,32914.299,7470.166,46295.494,1560.966
2011,Slovak Republic,32456.143,7098.434,45545.21,1600.859
2012,Slovak Republic,29937.795,6980.144,43057.228,1637.317
2013,Slovak Republic,29832.383,6848.704,42727.14,1618.776
2014,Slovak Republic,27393.003,6591.518,40659.916,1641.233
2015,Slovak Republic,28242.945,7281.966,41644.663,1692.713
2016,Slovak Republic,28483.176,7536.448,42153.867,1653.623
2017,Slovak Republic,29442.349,7659.732,43316.448,1680.716
2000,Latvia,7313.32,2213.135,10487.76,691.044
2001,Latvia,7730.494,2613.604,11062.159,708.162
2002,Latvia,7739.51,2692.49,11043.442,689.746
2003,Latvia,7918.152,2841.525,11221.618,626.113
2004,Latvia,7947.887,2982.825,11206.788,618.349
2005,Latvia,8054.42,3109.356,11387.93,629.497
2006,Latvia,8491.467,3422.888,11883.786,629.924
2007,Latvia,8822.281,3869.382,12339.415,636.638
2008,Latvia,8363.194,3654.056,11873.992,644.362
2009,Latvia,7649.572,3203.595,11176.156,645.974
2010,Latvia,8448.133,3273.412,12279.234,650.538
2011,Latvia,7576.043,2911.591,11489.396,625.932
2012,Latvia,7266.864,2810.746,11327.463,615.35
2013,Latvia,7214.039,2847.386,11259.72,603.74
2014,Latvia,7045.31,2970.03,11173.494,598.162
2015,Latvia,7169.065,3150.53,11255.924,561.774
2016,Latvia,7245.734,3171.721,11268.723,600.8
2017,Latvia,7225.188,3325.124,11306.196,565.209
2000,Greece,96674.352,18859.959,126346.422,5348.873
2001,Greece,99114.784,19763.996,127398.953,4577.439
2002,Greece,98939.991,20082.281,127395.403,4531.875
2003,Greece,102825.048,21154.641,131131.716,4653.862
2004,Greece,103320.368,21603.952,131814.31,4658.998
2005,Greece,107131.218,21891.95,136281.248,4764.611
2006,Greece,105846.335,22598.138,132390.972,4941.45
2007,Greece,108063.875,23208.432,134996.582,4763.145
2008,Greece,105216.302,22489.555,131716.461,4773.793
2009,Greece,100265.301,25293.325,124534.99,4494.231
2010,Greece,93078.007,22476.446,118436.486,4778.708
2011,Greece,91899.129,20117.748,115453.96,4552.325
2012,Greece,88118.784,16737.323,112146.281,4326.182
2013,Greece,77766.768,16513.738,102546.572,4421.991
2014,Greece,74323.24,16547.593,99113.106,4482.532
2015,Greece,71024.667,17100.379,95330.374,4463.299
2016,Greece,66826.789,17438.467,91697.733,4513.022
2017,Greece,70153.574,17241.437,95420.782,4630.063
2000,Germany,870345.654,182551.812,1045187.434,28637.138
2001,Germany,890808.555,178749.03,1060271.286,26972.207
2002,Germany,874439.581,176469.577,1038919.731,25576.824
2003,Germany,869640.38,169959.188,1035574.182,24060.155
2004,Germany,852797.545,169449.695,1019123.5,22621.151
2005,Germany,832197.444,161173.388,993343.677,21157.535
2006,Germany,841702.913,157141.897,1000637.861,19498.789
2007,Germany,815439.656,153932.716,973941.704,18176.707
2008,Germany,820023.022,153795.87,975645.902,16941.945
2009,Germany,761948.683,153116.2,908054.023,15719.818
2010,Germany,801237.108,153996.158,942541.887,14591.339
2011,Germany,778191.72,156147.96,920305.852,13827.634
2012,Germany,784567.289,154656.654,924611.396,13039.177
2013,Germany,801832.867,159037.591,942250.052,12332.579
2014,Germany,761976.194,159934.695,903196.414,11674.027
2015,Germany,767091.181,162637.804,907190.482,11164.921
2016,Germany,770912.251,165973.992,911049.006,10697.342
2017,Germany,765661.153,167951.767,906611.464,10181.507
2000,Czech Republic,122170.345,12129.342,149333.52,3853.459
2001,Czech Republic,122455.72,12901.138,149096.973,3993.318
2002,Czech Republic,119132.82,13478.123,145505.518,4126.98
2003,Czech Republic,121633.745,15269.441,148758.854,4285.114
2004,Czech Republic,121399.883,16031.641,149624.671,4234.835
2005,Czech Republic,120608.007,17368.529,147494.144,4294.575
2006,Czech Republic,120719.509,17711,148598.758,4371.053
2007,Czech Republic,121583.098,18626.338,150336.765,4314.321
2008,Czech Republic,116565.264,18458.343,145614.293,4511.55
2009,Czech Republic,110966.548,17831.087,137214.519,4621.052
2010,Czech Republic,112462.856,16803.371,139733.691,4861.482
2011,Czech Republic,110014.656,16619.701,137753.144,4917.133
2012,Czech Republic,106004.875,16347.295,133697.715,5077.393
2013,Czech Republic,100676.984,16217.29,128691.099,5373.05
2014,Czech Republic,97662.044,16723.665,126758.462,5403.393
2015,Czech Republic,98771.143,17489.105,127777.826,5511.728
2016,Czech Republic,100133.519,18161.449,129756.684,5567.013
2017,Czech Republic,98936.385,18658.558,128675.047,5649.326
2000,Netherlands,167085.102,33005.038,219304.191,9821.859
2001,Netherlands,172780.463,33314.831,220007.279,9261.146
2002,Netherlands,172201.992,34064.422,217878.9,8793.513
2003,Netherlands,175739.011,34623.863,218563.745,8230.783
2004,Netherlands,176932.425,35213.317,219970.34,7904.396
2005,Netherlands,173011.694,35448.973,214308.461,6401.529
2006,Netherlands,168431.553,36290.77,209233.952,5939.747
2007,Netherlands,168706.307,35267.428,207700.182,5545.616
2008,Netherlands,172167.149,35494.527,207095.003,5197.258
2009,Netherlands,167221.201,33910.045,201412.673,4932.279
2010,Netherlands,178900.652,34751.322,213363.026,4597.88
2011,Netherlands,165490.022,34630.813,199235.364,4325.648
2012,Netherlands,162422.482,33038.742,195346.943,4096.674
2013,Netherlands,162147.41,32301.675,194953.949,3892.805
2014,Netherlands,155114.926,30113.271,187281.881,3655.463
2015,Netherlands,162520.894,30371.631,195560.414,3444.145
2016,Netherlands,162550.491,30500.559,195384.316,3284.933
2017,Netherlands,160161.382,31182.856,193259.922,3079.658
2000,Korea,410835,69910,501430,18822
2001,Korea,424893,73063,514637,19712
2002,Korea,443614,78043,536010,18665
2003,Korea,451239,80844,546328,18762
2004,Korea,458901,80997,555171,17667
2005,Korea,466880,81814,559146,16697
2006,Korea,473190,82631,564456,17010
2007,Korea,492116,85027,579527,15648
2008,Korea,505634,82853,592709,15447
2009,Korea,512883,83723,597564,15384
2010,Korea,565844,85445,657428,15039
2011,Korea,594230,85114,682945,15471
2012,Korea,596919,86480,687126,15732
2013,Korea,606222,88404,696749,15875
2014,Korea,598816,88716,690944,15373
2015,Korea,602399,94193,692924,16354
2016,Korea,604843,98715,694066,16521
2000,Portugal,60767.764,19544.384,82081.959,6140.364
2001,Portugal,60897.299,19844.277,81689.752,6298.287
2002,Portugal,64402.824,20209.534,85600.833,6433.524
2003,Portugal,59309.492,20091.873,80266.192,6584.876
2004,Portugal,61560.426,20050.376,83348.684,6574.025
2005,Portugal,63957.892,19820.655,85610.351,6463.481
2006,Portugal,59555.221,19872.656,80855.01,6383.472
2007,Portugal,56440.604,19471.986,78574.829,6238.038
2008,Portugal,54471.155,19196.616,76157.326,6046.153
2009,Portugal,53228.044,19156.344,73032.489,5946.096
2010,Portugal,48752.464,18930.019,68800.683,5808.331
2011,Portugal,48055.276,17583.292,67416.853,5741.309
2012,Portugal,46598.284,16193.635,65556.088,5538.611
2013,Portugal,44447.308,15825.669,63710.727,5362.44
2014,Portugal,43959.545,16165.198,63708.929,5227.238
2015,Portugal,48236.469,16313.941,67735.408,4883.911
2016,Portugal,47116.25,16787.545,65935.728,4728.02
2017,Portugal,51201.737,17148.263,70546.297,4666.605
2000,OECD - Total,13429375,3498803,16437124,522209.594
2001,OECD - Total,13407295,3493775.75,16333058,515463.688
2002,OECD - Total,13493916,3551741,16411824,510306.656
2003,OECD - Total,13674390,3561597.5,16591832,506320.031
2004,OECD - Total,13809930,3633914.5,16775855,494507.125
2005,OECD - Total,13860865,3660717.5,16794214,485974.594
2006,OECD - Total,13789617,3674992,16736965,480554.594
2007,OECD - Total,13943937,3704868,16931124,472689
2008,OECD - Total,13665283,3576628.25,16580017,465131.063
2009,OECD - Total,12898620,3463262.75,15663278,455069.25
2010,OECD - Total,13278891,3478327.5,16128491,451311.688
2011,OECD - Total,13092613,3450278.75,15943989,437619.156
2012,OECD - Total,12912439,3427529.5,15732322,433601.625
2013,OECD - Total,13003588,3446581.75,15837803,423283.25
2014,OECD - Total,12815802,3482441.5,15669944,417616.281
2015,OECD - Total,12706727,3529012.25,15570343,416862.906
2016,OECD - Total,12572758,3604012.25,15428983,409700.688
2017,OECD - Total,12556315,3638527.25,15436970,406687.813
2000,OECD - Europe,4157348,972270.813,5348640.5,235520.781
2001,OECD - Europe,4215480,983203.5,5380002,232813.563
2002,OECD - Europe,4194358.5,993295.188,5342087,229490.328
2003,OECD - Europe,4281341,1002770,5434651,223238.641
2004,OECD - Europe,4284663,1025564.5,5446908,215135.172
2005,OECD - Europe,4280582.5,1024989.188,5432328.5,209205.844
2006,OECD - Europe,4291601,1034946.125,5437764.5,204066.328
2007,OECD - Europe,4257512.5,1050765.5,5412705.5,197532.859
2008,OECD - Europe,4175611.5,1020033.063,5299265,189733.203
2009,OECD - Europe,3920783.75,992489.438,4969624,184332.078
2010,OECD - Europe,4019272.75,986161.813,5082699.5,177666.234
2011,OECD - Europe,3878905.25,976038.688,4939252,172637.344
2012,OECD - Europe,3856025.25,960884.25,4906685.5,167580.031
2013,OECD - Europe,3771475,961111.938,4822748,159424.078
2014,OECD - Europe,3606374,971718.563,4664985.5,153731.859
2015,OECD - Europe,3655177.75,988634.438,4705401.5,152001.25
2016,OECD - Europe,3659822.5,1011745.188,4712086.5,148497.375
2017,OECD - Europe,3688908.25,1024717.625,4754649,146357.781
2000,Brazil,298590.676,,756663.676,38517
2001,Brazil,308476.012,,775840.127,39238.843
2002,Brazil,305006.684,,791183.696,39943.627
2003,Brazil,302005.508,,811625.765,40844.63
2004,Brazil,319029.336,,846526.365,41127.079
2005,Brazil,328350.03,,863894.872,41887
2006,Brazil,346581.558,,881670.312,42820.561
2007,Brazil,349868.18,,881781.751,43282.578
2008,Brazil,369819.196,,910097.944,43217.027
2009,Brazil,353889.599,,890514.878,43967.426
2010,Brazil,391065.697,,954324.654,45920.119
2011,Brazil,407544,,991691,48139
2012,Brazil,446154,,1027739,49775
2005,China (People's Republic of),5769854.8,430786,7465861.7,111792
2012,China (People's Republic of),9337323,797083,11895765,158237
2000,Colombia,58673.549,21195.17,110795.2,8934.797
2001,Colombia,56455.992,19813.434,109488.748,9339.204
2002,Colombia,55336.982,19405.655,109966.454,9688.443
2003,Colombia,56964.543,20292.855,113929.085,10017.114
2004,Colombia,57849.226,21593.398,117271.11,10377.085
2005,Colombia,60488.837,22693.304,122238.972,11328.579
2006,Colombia,68885.243,23563.443,130651.1,11416.204
2007,Colombia,67629.138,24282.662,131880.488,11765.007
2008,Colombia,66824.819,23512.644,130025.616,12358.969
2009,Colombia,73809.872,23757.382,137137.328,12689.435
2010,Colombia,72337.047,24460.968,138247.793,13069.431
2011,Colombia,69912.239,26161.307,133918.316,12926.181
2012,Colombia,73369.446,27040.038,139838.472,13135.251
2013,Colombia,81818.816,27680.634,147802.851,13741.926
2014,Colombia,82509.783,29319.12,150614.761,14413.756
2005,Costa Rica,5922.14,3922.36,10878.07,1383.81
2010,Costa Rica,7027.66,4754.26,12511.35,1539.9
2012,Costa Rica,7213.83,4955.55,13257.36,1864.31
2000,India,1027016.49,98104.53,1523766.56,52552.29
2010,India,1510119.38,188009,2100849.73,65052.8
2000,Indonesia,298412,,502363,61351
2001,Indonesia,327938,,537949,63953
2002,Indonesia,340323,,545911,66421
2003,Indonesia,350044,,559139,69146
2004,Indonesia,368508,,583101,71148
2005,Indonesia,372891,,590736,73130
2006,Indonesia,391424,,610242,78358
2007,Indonesia,386593,,607947,79678
2008,Indonesia,409736,,629710,80445
2009,Indonesia,398639,,628562,84644
2010,Indonesia,453178,,685711,88013
2011,Indonesia,488936,,726262,92698
2012,Indonesia,508120,,757250,96325
2013,Indonesia,545408,,796579,99903
2014,Indonesia,602458,,864948,101560
2015,Indonesia,652077,,907334,95281
2016,Indonesia,618580,,883224,97915
2000,Argentina,144647.603,,280308.986,11165.676
2001,Argentina,134416.009,,276902.595,11707.27
2002,Argentina,126990.216,,269315.644,11996.105
2003,Argentina,134679.639,,286381.632,12470.264
2004,Argentina,147202.48,,298167.359,12900.09
2005,Argentina,153583.989,,307492.666,13318.439
2006,Argentina,163284.935,,321462.033,13683.617
2007,Argentina,176271.153,,335854.126,13767.791
2008,Argentina,179889.682,,331802.165,13651.526
2009,Argentina,175596.489,,322554.23,13401.007
2010,Argentina,182101.564,,300695.19,13679.012
2011,Argentina,190651.135,,310314.526,13782.193
2012,Argentina,189624.011,,310670.242,13745.964
2013,Argentina,193650.254,,321011.892,13786.39
2014,Argentina,193477.196,,322554.612,13899.313
2000,European Union (28 countries),4020633.33,926942.349,5168911.903,231454.754
2001,European Union (28 countries),4100286.273,939986.34,5223118.41,227376.77
2002,European Union (28 countries),4074807.525,951333.261,5182922.837,223463.823
2003,European Union (28 countries),4153852.246,960254.835,5265582.685,217386.185
2004,European Union (28 countries),4144897.757,979644.399,5265368.648,208856.293
2005,European Union (28 countries),4122581.408,978838.46,5228428.619,202009.361
2006,European Union (28 countries),4119700.524,985974.619,5214524.886,195841.974
2007,European Union (28 countries),4060635.059,995393.15,5162425.248,189111.298
2008,European Union (28 countries),3981143.014,970708.028,5046999.429,181139.326
2009,European Union (28 countries),3702145.02,943225.698,4681900.46,175139.45
2010,European Union (28 countries),3798121.33,937607.438,4783627.785,167817.55
2011,European Union (28 countries),3650603.348,925532.843,4626382.214,162055.958
2012,European Union (28 countries),3606173.472,895985.359,4563064.707,157923.981
2013,European Union (28 countries),3517191.093,888747.145,4468920.462,151173.032
2014,European Union (28 countries),3337943.073,896142.032,4297635.768,145492.793
2015,European Union (28 countries),3373598.284,913263.603,4327313.203,143160.242
2016,European Union (28 countries),3354721.961,932470.153,4303391.869,140108.652
2017,European Union (28 countries),3367824.369,945871.55,4323163.151,138866.156
