Year,Country,Energy,Transport,Total
2000,Australia,7215.216,2575.91,9879.193
2001,Australia,6609.453,3477.174,10169.381
2002,Australia,7216.813,3764.91,11053.658
2003,Australia,8551.709,4793.292,13452.854
2004,Australia,10001.088,5622.349,15759.491
2005,Australia,10471.149,5888.628,16514.802
2006,Australia,10897.691,5888.674,16936.971
2007,Australia,12526.105,7139.313,19897.203
2008,Australia,12503.166,7356.284,20113.607
2009,Australia,11925.699,7151.832,19350.501
2010,Australia,14718.036,8990.431,24151.522
2011,Australia,16946.495,10119.004,27685.43
2012,Australia,21261.109,10872.84,32927.073
2013,Australia,20655.64,10576.892,32007.746
2014,Australia,17011.565,10237.407,27933.148
2015,Australia,13122.924,8860.408,22634.678
2016,Australia,13376.31,8328.786,22339.196
2000,Austria,3029.479,1838.149,4943.545
2001,Austria,3252.767,2029.895,5371.968
2002,Austria,3577.237,2224.794,5899.155
2003,Austria,4525.018,2750.562,7398.487
2004,Austria,5376.643,2920.406,8382.849
2005,Austria,5409.889,3245.699,8728.961
2006,Austria,5296.052,3165.301,8565.725
2007,Austria,6094.399,3453.903,9661.354
2008,Austria,6742.593,3770.391,10623.433
2009,Austria,6197.04,3583.255,9877.261
2010,Austria,6072.851,3471.356,9627.514
2011,Austria,6962.185,3899.606,10950.481
2012,Austria,6463.318,3784.472,10339.015
2013,Austria,6762.896,3936.21,10794.703
2014,Austria,6665.615,4382.039,11149.094
2015,Austria,5785.284,3723.542,9596.901
2016,Austria,5817.028,3861.526,9768.434
2017,Austria,6243.321,4181.608,10522.238
2018,Austria,6442.598,4481.579,11047.422
2000,Belgium,3329.553,1905.194,5647.639
2001,Belgium,3250.262,1988.26,5660.889
2002,Belgium,3449.337,2139.942,6004.977
2003,Belgium,4395.316,2663.78,7534.586
2004,Belgium,5351.983,3001.372,9096.226
2005,Belgium,5565.214,3165.075,9510.521
2006,Belgium,5316.374,3111.118,9105.829
2007,Belgium,6182.131,3538.004,10431.034
2008,Belgium,6369.063,3714.798,10896.019
2009,Belgium,6228.303,3632.737,10563.109
2010,Belgium,6455.51,3526.81,10670.093
2011,Belgium,7124.577,4013.596,11863.406
2012,Belgium,6427.391,3595.556,10683.366
2013,Belgium,6329.208,3774.236,10795.197
2014,Belgium,6676.122,3709.413,11084.989
2015,Belgium,5883.155,3169.491,9515.016
2016,Belgium,6624.412,3102.314,10193.19
2017,Belgium,7305.299,3295.819,11074.3
2018,Belgium,7666.408,3559.785,11745.206
2000,Canada,7979.207,1847.675,9991.184
2001,Canada,7759.105,1769.802,9688.488
2002,Canada,7806.576,2097.663,10077.744
2003,Canada,9320.853,2460.651,11988.721
2004,Canada,10059.039,2664.911,12978.825
2005,Canada,10962.539,2858.15,14169.911
2006,Canada,11880.676,3192.717,15523.866
2007,Canada,12786.532,3660.743,16945.366
2008,Canada,12947.031,3191.071,16875.657
2009,Canada,12530.826,3023.355,16159.552
2010,Canada,14395.779,3658.644,18907.687
2011,Canada,16062.155,3876.584,20674.195
2012,Canada,16424.336,4026.269,21165.987
2013,Canada,16294.474,4136.738,21128.922
2014,Canada,15320.427,4067.426,20044.119
2000,Czech Republic,1234.248,187.597,1501.133
2001,Czech Republic,1421.915,187.691,1715.326
2002,Czech Republic,1675.335,226.242,2100.118
2003,Czech Republic,2131.341,276.388,2644.686
2004,Czech Republic,2696.68,314.594,3271.617
2005,Czech Republic,3154.347,344.402,3810.615
2006,Czech Republic,3460.307,390.694,4177.965
2007,Czech Republic,4088.518,663.038,5151.141
2008,Czech Republic,4993.12,856.916,6320.057
2009,Czech Republic,4481.956,730.286,5631.287
2010,Czech Republic,4461.808,789.155,5661.23
2011,Czech Republic,4813.7,983.251,6203.257
2012,Czech Republic,4227.861,925.29,5561.929
2013,Czech Republic,4291.859,918.311,5625.827
2014,Czech Republic,4152.196,888.821,5433.934
2015,Czech Republic,3685.872,827.286,4837.974
2016,Czech Republic,3889.136,844.844,5075.303
2017,Czech Republic,4232.304,951.399,5533.687
2018,Czech Republic,5056.589,1059.072,6513.174
2000,Denmark,4559.364,3033.337,8200.683
2001,Denmark,4699.743,2814.768,8090.218
2002,Denmark,5119.463,3363.124,9113.389
2003,Denmark,6102.094,3818.723,10640.267
2004,Denmark,6936.606,5053.783,12794.938
2005,Denmark,6661.714,5905.074,13395.231
2006,Denmark,6324.938,6445.356,13614.264
2007,Denmark,7461.872,7078.879,15497.16
2008,Denmark,7556.337,6683.488,15247.097
2009,Denmark,7446.986,4796.724,13108.048
2010,Denmark,7607.189,4953.259,13260.865
2011,Denmark,8269.414,5218.123,14224.095
2012,Denmark,7807.87,4619.665,13212.139
2013,Denmark,8290.049,4711.704,13905.798
2014,Denmark,8191.375,5194.659,14172.052
2015,Denmark,6678.175,4682.074,12078.526
2016,Denmark,6784.731,4830.606,12238.19
2017,Denmark,6587.93,5085.983,12255.113
2018,Denmark,6946.674,5319.482,12894.682
2000,Finland,2426.569,1421.503,3927.026
2001,Finland,2439.253,1293.9,3811.98
2002,Finland,2690.842,1478.281,4251.159
2003,Finland,3262.922,2024.541,5425.572
2004,Finland,3682.852,2478.43,6320.926
2005,Finland,3649.58,2402.253,6184.047
2006,Finland,3756.048,2523.017,6426.641
2007,Finland,4063.572,2701.748,6938.868
2008,Finland,4722.013,2630.388,7502.763
2009,Finland,4320.109,2034.471,6480.648
2010,Finland,4293.81,2338.298,6751.3
2011,Finland,5493.56,2737.285,8392.334
2012,Finland,5179.469,2459.902,7776.979
2013,Finland,5313.048,2585.843,8041.044
2014,Finland,5341.428,2584.876,8050.863
2015,Finland,4645.88,2056.21,6793.934
2016,Finland,5045.159,2305.221,7420.067
2017,Finland,5028.189,2453.242,7542.284
2018,Finland,5402.591,2618.079,8083.231
2000,France,24017.667,4028.925,32842.055
2001,France,22336.355,4114.505,31536.273
2002,France,25589.995,4506.133,35877.491
2003,France,30855.25,5793.996,43533.858
2004,France,35586.348,6498.972,50059.344
2005,France,35344.601,7001.695,50621.181
2006,France,36290.944,7710.054,52369.655
2007,France,39123.34,8463.835,57310.184
2008,France,41495.587,10140.989,62587.615
2009,France,39159.93,9213.12,58839.222
2010,France,37873.24,8763.716,56796.615
2011,France,41708.198,9623.899,62685.323
2012,France,39077.776,9110.953,59171.725
2013,France,43149.189,9352.607,64412.959
2014,France,43455.821,9533.905,64033.454
2015,France,40657.277,7033.701,54994.182
2016,France,42504.993,6923.405,56860.632
2017,France,45909.554,7022.787,60617.74
2000,Germany,38439.525,6463.049,44926.528
2001,Germany,40780.845,7495.324,48297.645
2002,Germany,44989.329,7144.968,52157.825
2003,Germany,56998.601,8279.141,65305.957
2004,Germany,60568.435,9609.928,70208.163
2005,Germany,58317.166,10785.704,69132.716
2006,Germany,59160.173,11211.316,70400.342
2007,Germany,62504.275,12178.397,74714.151
2008,Germany,67465.485,12951.99,80451.166
2009,Germany,65832.413,11392.763,77255.738
2010,Germany,61583.085,11241.714,72849.963
2011,Germany,68525.277,13040.849,81588.369
2012,Germany,62783.47,12073.843,74874.017
2013,Germany,64384.812,12540.513,76938.603
2014,Germany,64732.642,12589.372,77335.281
2015,Germany,53480.306,10903.235,64394.632
2016,Germany,53551.026,11091.385,64652.366
2017,Germany,48344.766,11341.035,59695.943
2018,Germany,58393.314,12098.878,70502.815
2000,Greece,2006.834,1059.369,3067.136
2001,Greece,2024.143,1089.923,3115.856
2002,Greece,2045.076,1392.873,3439.832
2003,Greece,2611.638,1663.593,4277.488
2004,Greece,2953.94,2100.911,5057.334
2005,Greece,3044.322,2109.138,5155.947
2006,Greece,3133.699,2245.525,5381.733
2007,Greece,3776.152,2657.951,6436.84
2008,Greece,3953.565,2827.114,6785.073
2009,Greece,4352.338,2521.383,6877.889
2010,Greece,5905.608,2018.423,7937.275
2011,Greece,6377.936,1992.062,8374.169
2012,Greece,6362.634,1690.878,8056.081
2013,Greece,7054.287,1692.87,8749.813
2014,Greece,7060.874,1736.694,8800.222
2015,Greece,5964.561,1520.53,7485.091
2016,Greece,5824.996,1537.551,7362.547
2017,Greece,6448.072,1622.724,8070.796
2018,Greece,6315.024,1717.45,8032.474
2000,Hungary,1216.064,58.491,1363.695
2001,Hungary,1271.304,62.337,1439.363
2002,Hungary,1555.051,71.981,1761.568
2003,Hungary,1924.816,153.165,2247.047
2004,Hungary,2245.481,518.738,3023.144
2005,Hungary,2335.175,600.569,3179.867
2006,Hungary,2475.27,676.03,3757.446
2007,Hungary,2889.267,864.895,4162.999
2008,Hungary,3429.27,901.238,4758.847
2009,Hungary,2843.512,606.262,3795.976
2010,Hungary,2924.631,621.513,3785.815
2011,Hungary,2993.922,667.728,3906.847
2012,Hungary,2772.73,532.131,3692.228
2013,Hungary,2789.655,529.359,3694.106
2014,Hungary,2442.36,523.56,3344.353
2015,Hungary,2602.633,451.888,3175.227
2016,Hungary,2777.112,457.731,3350.248
2017,Hungary,2939.865,490.906,3569.752
2018,Hungary,3145.852,519.541,3815.098
2000,Iceland,96.126,184.36,307.173
2001,Iceland,76.244,130.52,231.423
2002,Iceland,80.546,140.073,229.391
2003,Iceland,97.303,197.671,311.217
2004,Iceland,118.931,244.836,384.069
2005,Iceland,165.141,318.484,507.092
2006,Iceland,207.394,240.592,473.878
2007,Iceland,240.286,290.357,560.165
2008,Iceland,166.666,160.431,348.328
2009,Iceland,139.025,74.14,228.382
2010,Iceland,180.069,81.496,277.645
2011,Iceland,193.066,92.066,307.537
2012,Iceland,192.466,96.852,310.456
2013,Iceland,197.009,97.388,315.742
2014,Iceland,210.344,111.676,347.652
2015,Iceland,196.145,116.329,337.778
2016,Iceland,209.01,147.226,387.847
2017,Iceland,264.78,192.128,495.564
2018,Iceland,274.041,185.244,501.163
2000,Ireland,1382.807,1355.101,2738.957
2001,Ireland,1258.043,1184.544,2443.626
2002,Ireland,1566.001,1291.999,2887.306
2003,Ireland,1957.726,1667.492,3674.004
2004,Ireland,2573.523,2101.478,4726.395
2005,Ireland,2720.227,2418.918,5196.797
2006,Ireland,2810.074,2722.96,5596.456
2007,Ireland,3081.489,3422.899,6581.342
2008,Ireland,3298.604,2910.318,6299.563
2009,Ireland,3177.087,2089.9,5345.982
2010,Ireland,3289.932,2003.589,5374.857
2011,Ireland,3744.579,2020.421,5855.506
2012,Ireland,3365.674,1894.271,5346.271
2013,Ireland,3604.236,2206.16,5889.128
2014,Ireland,3694.667,2366.042,6123.816
2015,Ireland,3443.972,2077.218,5573.564
2016,Ireland,3420.503,2112.252,5596.886
2017,Ireland,3401.146,2156.888,5615.602
2018,Ireland,3715.933,2238.386,5985.955
2000,Italy,28090.078,6172.833,35306.895
2001,Italy,27167.758,6371.308,34546.753
2002,Italy,29703.018,6947.425,37327.426
2003,Italy,37489.532,8915.008,47261.222
2004,Italy,40555.523,9902.342,51402.915
2005,Italy,42769.736,10320.599,54062.416
2006,Italy,44125.192,10897.695,56019.085
2007,Italy,46596.261,12631.426,60433.947
2008,Italy,47272.86,13331.38,61923.902
2009,Italy,48110.493,12265.175,61639.402
2010,Italy,46867.405,11868.167,60261.985
2011,Italy,55648.464,13179.863,70373.187
2012,Italy,58817.103,12887.16,73060.334
2013,Italy,59841.283,13019.827,74091.174
2014,Italy,63496.127,12832.164,77660.702
2015,Italy,50482.499,11076.249,62862.88
2016,Italy,52704.819,11603.533,65563.398
2017,Italy,51858.413,11823.344,65060.453
2018,Italy,54655.056,12810.646,68927.057
2000,Japan,48890.241,32359.393,81840.184
2001,Japan,43424.544,28710.312,72643.08
2002,Japan,42005.681,27583.457,70063.873
2003,Japan,45515.78,30062.33,76060.3
2004,Japan,48930.136,31732.957,81162.693
2005,Japan,48005.054,31692.858,80171.917
2006,Japan,44907.017,29599.737,74941.924
2007,Japan,43757.745,29007.928,73182.994
2008,Japan,45982.48,31845.84,78272.991
2009,Japan,51815.66,32189.42,84473.007
2010,Japan,56115.128,31188.481,87792.149
2011,Japan,60096.353,33837.448,94449.082
2012,Japan,60247.655,33211.54,93961.911
2013,Japan,49268.514,26601.839,76270.494
2014,Japan,44608.985,23278.372,68246.289
2015,Japan,38693.201,20897.553,59891.157
2016,Japan,43504.043,23711.198,67530.032
2017,Japan,41914.566,23321.637,65537.73
2018,Japan,42092.611,24082.806,66472.249
2000,Korea,10132.122,3983.722,14115.844
2001,Korea,11091.448,3537.347,14628.795
2002,Korea,11371.699,3874.262,15245.96
2003,Korea,13149.391,4124.806,17274.197
2004,Korea,14621.251,3725.531,18346.782
2005,Korea,19222.419,4610.354,23832.773
2006,Korea,20208.621,5718.574,25927.195
2007,Korea,23925.56,6480.059,30434.567
2008,Korea,20266.838,5877.23,26215.481
2009,Korea,16284.369,4804.71,21095.188
2010,Korea,22385.583,6367.548,28762.213
2011,Korea,21154.26,11646.06,32820.261
2012,Korea,23411.348,11353.495,34851.219
2013,Korea,23969.065,11829.161,36019.899
2014,Korea,25670.471,13098.049,39521.159
2000,Luxembourg,538.605,26.897,565.502
2001,Luxembourg,544.528,27.67,572.198
2002,Luxembourg,597.987,29.863,627.85
2003,Luxembourg,778.104,40.024,818.129
2004,Luxembourg,1003.176,46.876,1050.052
2005,Luxembourg,1070.754,47.529,1118.284
2006,Luxembourg,1073.356,54.423,1127.779
2007,Luxembourg,1215.201,100.261,1315.462
2008,Luxembourg,1346.111,107.814,1453.925
2009,Luxembourg,1192.246,111.785,1304.031
2010,Luxembourg,1181.945,96.693,1285.072
2011,Luxembourg,1327.093,99.508,1431.763
2012,Luxembourg,1255.087,89.703,1355.957
2013,Luxembourg,1243.727,100.965,1352.912
2014,Luxembourg,1209.019,103.801,1320.76
2015,Luxembourg,966.255,85.955,1068.552
2016,Luxembourg,943.188,84.208,1042.694
2017,Luxembourg,987.206,86.105,1084.726
2018,Luxembourg,1124.316,90.864,1226.453
2000,Mexico,7002.337,1459.248,8493.09
2001,Mexico,9332.67,1713.596,11084.372
2002,Mexico,11621.943,1788.637,13442.788
2003,Mexico,8117.42,1640.835,9793.532
2004,Mexico,4725.692,1682.532,6447.759
2005,Mexico,1393.481,1950.194,3387.793
2006,Mexico,-3873.48,2241.44,-1589.202
2007,Mexico,-4421.957,2419.705,-1950.129
2008,Mexico,-19552.07,2414.617,-16981.816
2009,Mexico,237.023,1896.921,2283.963
2010,Mexico,-4443.888,2079.058,-2187.679
2011,Mexico,-11726.257,2177.267,-9294.332
2012,Mexico,-15420.854,1723.951,-13423.658
2013,Mexico,-6733.187,2018.691,-4375.692
2014,Mexico,-966.473,2043.603,1311.539
2015,Mexico,13887.392,1739.209,16041.383
2016,Mexico,14855.499,1594.14,16834.437
2017,Mexico,11438.924,1626.666,13539.339
2018,Mexico,9751.749,1444.673,11724.454
2000,Netherlands,7077.476,5447.571,14587.234
2001,Netherlands,7302.933,5306.53,14685.967
2002,Netherlands,7856.557,5412.441,15508.457
2003,Netherlands,9855.152,6821.409,19370.588
2004,Netherlands,11743.743,7997.616,22870.375
2005,Netherlands,12836.393,8496.244,24696.563
2006,Netherlands,13781.752,9290.702,26640.205
2007,Netherlands,14199.918,10776.882,28974.676
2008,Netherlands,16772.256,11730.325,32984.949
2009,Netherlands,16168.804,10068.863,30439.972
2010,Netherlands,15905.012,9880.206,29979.67
2011,Netherlands,16664.929,10128.518,31268.29
2012,Netherlands,14935.23,8536.62,27411.234
2013,Netherlands,16987.6,8314.314,29097.924
2014,Netherlands,17200.591,8885.133,30164.102
2015,Netherlands,14738.234,7926.5,26161.621
2016,Netherlands,15249.41,8063.847,26887.234
2017,Netherlands,15428.27,8652.272,27747.446
2018,Netherlands,17098.96,9516.21,30493.893
2000,New Zealand,430.684,320.969,751.653
2001,New Zealand,425.686,321.177,746.863
2002,New Zealand,627.155,378.32,1005.475
2003,New Zealand,787.355,509.843,1297.198
2004,New Zealand,845.204,616.432,1461.636
2005,New Zealand,941.439,670.294,1611.732
2006,New Zealand,866.052,653.673,1519.724
2007,New Zealand,1070.204,791.519,1861.723
2008,New Zealand,967.86,734.505,1702.365
2009,New Zealand,867.025,674.006,1544.841
2010,New Zealand,1093.791,856.01,1967.887
2011,New Zealand,1220.561,963.809,2204.2
2012,New Zealand,1292.247,1004.631,2318.096
2013,New Zealand,1376.078,1141.537,2537.313
2014,New Zealand,1501.535,1214.501,2739.145
2015,New Zealand,1350.791,1112.293,2484.458
2016,New Zealand,1368.58,1177.842,2570.155
2017,New Zealand,1390.499,1263.315,2678.413
2018,New Zealand,1419.124,1308.417,2751.829
2000,Norway,2934.108,1811.791,4868.973
2001,Norway,2919.774,1923.828,4985.939
2002,Norway,3203.884,2353.146,5725.175
2003,Norway,3686.907,2681.33,6580.076
2004,Norway,3917.157,3539.533,7685.886
2005,Norway,4242.313,3994.505,8477.78
2006,Norway,4488.259,4379.049,9195.079
2007,Norway,4945.01,5205.857,10768.779
2008,Norway,5831.029,4889.007,11287.412
2009,Norway,5021.522,3930.294,9330.295
2010,Norway,5436.481,4784.117,10580.118
2011,Norway,5910.673,5296.179,11573.086
2012,Norway,5522.819,5334.594,11193.296
2013,Norway,5793.428,5170.106,11307.367
2014,Norway,5740.931,4588.793,10707.157
2015,Norway,4713.072,3536.261,8560.709
2016,Norway,4683.204,3447.976,8449.993
2017,Norway,4957.659,3385.049,8676.031
2018,Norway,5473.827,2939.465,8768.558
2000,Poland,3021.577,309.245,3667.723
2001,Poland,3357.678,298.737,4007.719
2002,Poland,3982.566,291.419,4604.914
2003,Poland,4591.58,325.527,5238.469
2004,Poland,5630.13,566.485,6557.722
2005,Poland,6922.305,506.88,7774.203
2006,Poland,7693.453,513.993,8649.253
2007,Poland,9889.629,724.002,11154.609
2008,Poland,11614.027,982.052,13301.155
2009,Poland,9053.114,746.12,10415.744
2010,Poland,10096.839,733.924,11469.505
2011,Poland,11043.091,725.991,12423.857
2012,Poland,10601.429,697.058,12303.542
2013,Poland,10396.722,748.904,12120.215
2014,Poland,11708.197,829.28,13159.121
2015,Poland,10437.989,778.618,11766.388
2016,Poland,10641.468,855.994,11972.381
2017,Poland,11474.776,979.273,12597.99
2018,Poland,13376.477,1112.767,14640.973
2000,Portugal,1822.022,1254.016,3077.008
2001,Portugal,2162.228,1275.007,3438.154
2002,Portugal,2729.947,1281.942,4012.955
2003,Portugal,3481.495,1379.744,4862.627
2004,Portugal,3897.571,1665.096,5565.147
2005,Portugal,3929.229,1761.429,5692.751
2006,Portugal,4039.031,1776.474,5818.205
2007,Portugal,4607.162,1978.727,6593.629
2008,Portugal,4741.72,1750.47,6508.092
2009,Portugal,4489.308,1438.432,5957.045
2010,Portugal,4226.111,1523.259,5788.704
2011,Portugal,4240.214,1401.649,5694.432
2012,Portugal,3642.317,989.341,4685.778
2013,Portugal,3790.606,1179.459,5015.286
2014,Portugal,3825.601,1346.171,5240.424
2015,Portugal,3532.979,1245.329,4836.356
2016,Portugal,3901.54,1384.22,5333.748
2017,Portugal,4097.486,1546.647,5707.999
2018,Portugal,4510.183,1698.968,6278.365
2000,Slovak Republic,403.474,51.328,481.952
2001,Slovak Republic,362.962,50.298,439.256
2002,Slovak Republic,463.239,54.124,584.318
2003,Slovak Republic,716.918,66.706,878.161
2004,Slovak Republic,946.808,76.948,1136.797
2005,Slovak Republic,1020.789,91.782,1231.194
2006,Slovak Republic,1110.916,108.173,1370.457
2007,Slovak Republic,1373.478,151.111,1713.412
2008,Slovak Republic,1692.965,192.314,2100.965
2009,Slovak Republic,1490.497,173.298,1876.401
2010,Slovak Republic,1426.449,169.155,1799.975
2011,Slovak Republic,1548.648,186.53,1954.216
2012,Slovak Republic,1406.85,171.466,1789.455
2013,Slovak Republic,1532.36,193.958,1960.193
2014,Slovak Republic,1559.916,200.414,1990.875
2015,Slovak Republic,1403.824,157.876,1758.457
2016,Slovak Republic,1438.677,160.852,1789.687
2017,Slovak Republic,1530.964,169.285,1895.759
2018,Slovak Republic,1814.037,182.99,2215.433
2000,Spain,10041.145,2514.37,12661.467
2001,Spain,9932.082,2548.881,12595.503
2002,Spain,11821.163,2762.237,14744.333
2003,Spain,15373.789,3541.286,19131.771
2004,Spain,17720.412,4220.819,22141.141
2005,Spain,18404.616,4771.8,23385.34
2006,Spain,19169.168,5196.32,24598.823
2007,Spain,21751.072,5879.656,27960.576
2008,Spain,23111.407,5104.186,28553.968
2009,Spain,21262.276,4279.545,25762.702
2010,Spain,20764.988,3999.232,25059.566
2011,Spain,20996.309,3930.465,25281.259
2012,Spain,19004.232,3478.891,22940.533
2013,Spain,22063.379,3578.74,26684.396
2014,Spain,21413.847,3407.449,25732.231
2015,Spain,19341.926,2852.52,23161.552
2016,Spain,18987.097,2972.23,22976.987
2017,Spain,19978.657,3075.287,24116.602
2018,Spain,21580.856,3335.749,26058.031
2000,Sweden,5772.058,830.146,6893.333
2001,Sweden,5421.557,739.462,6406.689
2002,Sweden,6118.851,837.619,7224.925
2003,Sweden,7739.383,1029.766,9096.588
2004,Sweden,8708.257,1195.011,10236.121
2005,Sweden,8818.309,1467.8,10595.087
2006,Sweden,9066.379,1589.266,10976.16
2007,Sweden,10006.998,1941.182,12275.76
2008,Sweden,10485.05,2434.495,13190.403
2009,Sweden,9201.289,2139.716,11527.145
2010,Sweden,10207.528,2275.4,12672.664
2011,Sweden,10919,2421.174,13551.824
2012,Sweden,10592.3,2302.873,13078.743
2013,Sweden,10978.862,2533.324,13678.587
2014,Sweden,10035.149,2449.282,12649.008
2015,Sweden,8646.636,2223.278,11015.14
2016,Sweden,9002.929,2300.633,11447.578
2017,Sweden,8982.952,2330.72,11533.877
2018,Sweden,9018.53,1147.999,10304.645
2000,Switzerland,2969.715,1772.097,4810.083
2001,Switzerland,2928.113,2250.618,5278.991
2002,Switzerland,3117.645,2583.017,5804.857
2003,Switzerland,3665.038,2938.648,6737.871
2004,Switzerland,4010.608,3208.983,7374.557
2005,Switzerland,4058.871,4092.856,8321.181
2006,Switzerland,4045.757,4124.001,8324.283
2007,Switzerland,4307.655,4437.6,8911.748
2008,Switzerland,5097.392,3837.653,9118.881
2009,Switzerland,5255.857,3691.725,9119.718
2010,Switzerland,5809.284,4126.657,10124.596
2011,Switzerland,6585.879,5024.272,11835.716
2012,Switzerland,6309.915,4776.36,11298.758
2013,Switzerland,6453.141,4700.916,11376.116
2014,Switzerland,6700.171,4779.573,11696.571
2015,Switzerland,6475.751,4617.302,11267.192
2016,Switzerland,5571.209,4504.232,10229.432
2017,Switzerland,5597.972,4765.537,10519.224
2018,Switzerland,6084.932,4927.169,11179.744
2000,Turkey,5228.248,1369.76,6598.008
2001,Turkey,4616.968,727.488,5344.455
2002,Turkey,7382.304,904.708,8287.012
2003,Turkey,10058.399,2534.105,12592.504
2004,Turkey,11049.17,3242.357,14291.527
2005,Turkey,14437.515,5433.233,19870.749
2006,Turkey,14386.893,5320.441,19707.334
2007,Turkey,16924.918,6488.448,23413.367
2008,Turkey,18394.618,6447.836,24842.453
2009,Turkey,16468.167,5224.006,21692.172
2010,Turkey,21091.274,7696.715,28787.989
2011,Turkey,20044.12,8938.151,28982.271
2012,Turkey,20008.341,8623.603,28631.945
2013,Turkey,23720.328,9696.035,33416.363
2014,Turkey,20848.584,9702.807,30551.391
2015,Turkey,18687.274,9826.926,28514.2
2016,Turkey,18640.354,9681.736,28322.089
2017,Turkey,17434.284,9138.556,26572.84
2018,Turkey,11513.92,6390.286,17904.206
2000,United Kingdom,35052.071,8480.462,44260.294
2001,United Kingdom,32768.784,7242.444,40762.681
2002,United Kingdom,34739.511,7902.905,43808.443
2003,United Kingdom,38744.628,9270.628,49605.533
2004,United Kingdom,45195.722,10686.953,57768.5
2005,United Kingdom,44847.437,10492.766,57325.665
2006,United Kingdom,45739.823,11242.219,59109.048
2007,United Kingdom,52093.753,15082.877,69671.769
2008,United Kingdom,48721.796,14212.285,65362.542
2009,United Kingdom,43200.153,12445.495,57435.594
2010,United Kingdom,45182.932,13594.384,60920.464
2011,United Kingdom,47337.675,15203.296,64822.507
2012,United Kingdom,47609.42,15777.66,65603.345
2013,United Kingdom,49620.032,16271.118,68264.282
2014,United Kingdom,54524.216,17631.186,74687.776
2015,United Kingdom,51961.285,16365.567,70511.576
2016,United Kingdom,47601.108,14695.517,64286.812
2017,United Kingdom,46797.761,14277.937,62779.681
2018,United Kingdom,48677.797,15236.492,65647.255
2000,United States,65926.617,31517.047,99381.613
2001,United States,67150.313,29781.113,98708.754
2002,United States,68490.102,30026.174,100328.79
2003,United States,69585.359,31043.189,102473.245
2004,United States,71067.242,33828.473,106896.293
2005,United States,74137.336,36308.41,112617.239
2006,United States,74773.766,38463.289,115902.178
2007,United States,76605.836,38834.859,118351.848
2008,United States,75160.469,38225.016,116266.253
2009,United States,74147.945,37328.211,114503.319
2010,United States,75545.211,39508.902,118247.826
2011,United States,77269.398,41831.867,122479.772
2012,United States,77674.477,45093.551,126094.499
2013,United States,78115.922,45439.801,126763.292
2014,United States,79775.313,47276.48,130097.757
2015,United States,81666.461,48849.961,132650.518
2016,United States,82333.055,49197.137,133451.593
2000,Albania,7.297,24.178,31.507
2001,Albania,8.01,29.405,37.459
2002,Albania,8.855,36.438,45.336
2003,Albania,3.24,39.607,43.976
2004,Albania,4.336,54.76,60.491
2005,Albania,4.618,28.478,34.459
2006,Albania,5.42,29.217,36.182
2000,Argentina,3704.363,804.402,4508.765
2001,Argentina,3639.268,769.385,4408.652
2002,Argentina,1536.765,219.374,1756.14
2003,Argentina,1784.52,299.935,2084.455
2004,Argentina,1930.98,352.683,2283.664
2005,Argentina,2169.834,443.923,2613.757
2006,Argentina,2312.259,515.992,2828.25
2007,Argentina,2585.371,620.548,3205.919
2008,Argentina,3264.596,797.668,4062.264
2009,Argentina,3285.28,870.056,4155.336
2010,Argentina,4077.35,923.441,5000.791
2011,Argentina,4567.225,1198.986,5766.211
2012,Argentina,5851.634,1412.628,7264.262
2013,Argentina,5814.287,1659.354,7473.641
2014,Argentina,5599.623,1486.703,7086.326
2015,Argentina,6190.354,1844.975,8035.33
2016,Argentina,5188.029,1622.22,6810.249
2017,Argentina,6344.881,2066.793,8411.674
2018,Argentina,4239.294,1558.069,5797.363
2008,Belize,0.118,2.233,2.351
2009,Belize,1.403,1.592,2.995
2010,Belize,0.771,1.545,2.316
2011,Belize,1.321,1.61,2.931
2012,Belize,0.987,1.74,2.727
2013,Belize,0.759,1.786,2.545
2014,Belize,0.625,2.007,2.632
2015,Belize,0.51,2.076,2.585
2016,Belize,0.84,2.092,2.932
2017,Belize,0.452,2.17,2.623
2000,Bolivia,224.354,2.426,226.779
2001,Bolivia,196.748,2.18,198.928
2002,Bolivia,182.943,2.273,185.216
2003,Bolivia,141.961,2.598,144.559
2004,Bolivia,144.501,3.516,148.017
2005,Bolivia,232.852,3.918,236.77
2006,Bolivia,248.19,5.043,253.232
2007,Bolivia,298.602,4.139,302.742
2008,Bolivia,348.327,4.338,352.665
2009,Bolivia,317.308,5.37,322.678
2010,Bolivia,312.314,6.727,319.04
2011,Bolivia,350.615,7.51,358.125
2012,Bolivia,354.269,7.337,361.606
2013,Bolivia,402.098,10.318,412.417
2014,Bolivia,422.33,12.996,435.326
2015,Bolivia,433.531,14.805,448.336
2016,Bolivia,482.388,16.816,499.204
2017,Bolivia,461.331,17.67,479.001
2004,Botswana,49.026,20.694,69.719
2005,Botswana,22.444,22.53,44.974
2006,Botswana,23.237,22.749,45.987
2007,Botswana,19.86,24.911,44.771
2008,Botswana,18.452,26.303,44.755
2009,Botswana,19.35,22.814,42.164
2010,Botswana,23.069,30.257,53.326
2011,Botswana,20.506,29.687,50.194
2012,Botswana,25.633,31.237,56.87
2013,Botswana,21.63,27.649,49.279
2014,Botswana,11.543,26.083,37.626
2015,Botswana,10.76,25.41,36.17
2016,Botswana,9.852,25.566,35.418
2017,Botswana,12.216,36.681,48.897
2013,Brazil,339.967,15319.998,15659.966
2014,Brazil,10.927,15892.126,15903.053
2000,Bulgaria,320.597,21.143,342.438
2001,Bulgaria,330.778,20.597,352.223
2002,Bulgaria,330.306,28.328,374.036
2003,Bulgaria,534.858,44.669,609.742
2004,Bulgaria,704.131,52.576,802.959
2005,Bulgaria,755.365,67.914,865.65
2006,Bulgaria,834.684,90.204,964.702
2007,Bulgaria,1260.719,122.833,1418.115
2008,Bulgaria,1550.379,167.393,1787.082
2009,Bulgaria,1298.03,140.889,1477.796
2010,Bulgaria,1226.906,126.847,1392.073
2011,Bulgaria,1366.599,125.05,1540.292
2012,Bulgaria,1278.74,133.671,1438.378
2013,Bulgaria,1370.345,146.4,1558.998
2014,Bulgaria,1347.966,160.762,1549.352
2015,Bulgaria,1281.245,143.441,1458.639
2016,Bulgaria,1267.212,172.815,1476.18
2017,Bulgaria,1347.787,177.032,1559.626
2018,Bulgaria,1338.107,205.585,1581.386
2000,Burkina Faso,14.769,,15.417
2001,Burkina Faso,8.401,,9.102
2002,Burkina Faso,25.097,,25.764
2003,Burkina Faso,33.505,,34.534
2004,Burkina Faso,42.029,,43.199
2005,Burkina Faso,43.925,,45.072
2006,Burkina Faso,45.094,,46.364
2007,Burkina Faso,54.878,,56.697
2008,Burkina Faso,60.448,,62.366
2009,Burkina Faso,59.152,,61.52
2010,Burkina Faso,64.024,,66.476
2011,Burkina Faso,75.211,,77.91
2012,Burkina Faso,90.759,,93.364
2013,Burkina Faso,66.859,,69.02
2014,Burkina Faso,103.129,,105.536
2015,Burkina Faso,110.349,,112.443
2016,Burkina Faso,121.109,,123.104
2017,Burkina Faso,154.901,,156.892
2000,Cameroon,78.092,3.792,81.885
2001,Cameroon,91.4,3.547,94.947
2002,Cameroon,97.85,1.722,99.571
2003,Cameroon,115.967,6.882,122.849
2004,Cameroon,163.957,8.135,172.092
2005,Cameroon,158.133,13.06,171.193
2006,Cameroon,164.354,12.014,176.368
2007,Cameroon,174.718,13.084,187.802
2008,Cameroon,179.095,14.262,193.357
2009,Cameroon,182.901,15.441,198.342
2010,Cameroon,185.84,15.696,201.536
2011,Cameroon,196.725,15.849,212.574
2012,Cameroon,206.002,15.02,221.022
2013,Cameroon,239.657,16.895,256.551
2014,Cameroon,289.615,19.829,309.444
2015,Cameroon,236.663,16.488,253.151
2016,Cameroon,231.923,17.292,249.215
2017,Cameroon,257.565,16.899,274.464
2000,Chile,987.578,173.985,1187.952
2001,Chile,970.8,161.88,1155.498
2002,Chile,927.731,161.153,1111.401
2003,Chile,939.756,170.527,1134.559
2004,Chile,1051.526,199.566,1281.166
2005,Chile,1295.204,248.628,1579.729
2006,Chile,1323.962,269.743,1635.151
2007,Chile,1615.92,296.973,1962.809
2008,Chile,1265.945,339.101,1680.864
2009,Chile,1233.213,305.14,1619.543
2010,Chile,1790.68,386.37,2277.095
2011,Chile,2081.442,552.272,2759.718
2012,Chile,2279.343,620.581,3059.837
2013,Chile,2365.607,667.822,3205.978
2014,Chile,2387.875,640.539,3200.703
2015,Chile,2122.651,660.705,2941.685
2016,Chile,2219.159,708.582,3085.346
2017,Chile,2511.523,839.448,3475.776
2018,Chile,2693.677,946.861,3968.227
2000,China (People's Republic of),2888.203,282.66,4766.268
2001,China (People's Republic of),3570.105,3375.591,8703.103
2002,China (People's Republic of),3677.679,4563.27,10331.694
2003,China (People's Republic of),4401.334,6045.642,13166.427
2004,China (People's Republic of),5767.929,7023.245,16260.872
2005,China (People's Republic of),6236.029,7593.067,18570.431
2006,China (People's Republic of),7359.185,9249.461,22819.768
2007,China (People's Republic of),9101.243,12423.214,29602.767
2008,China (People's Republic of),10973.922,16319.705,36917.742
2009,China (People's Republic of),36054.604,19757.251,65723.123
2010,China (People's Republic of),45467.618,30046.222,86904.377
2011,China (People's Republic of),50716.084,36323.054,102447.263
2012,China (People's Republic of),56429.215,41526.484,118647.256
2000,Colombia,710.582,60.112,839.849
2001,Colombia,805.331,65.523,962.423
2002,Colombia,831.543,66.726,991.894
2003,Colombia,804.623,72.002,996.237
2004,Colombia,910.154,89.499,1109.368
2005,Colombia,1170.056,120.006,1559.674
2006,Colombia,1202.282,116.236,1632.735
2007,Colombia,1437.67,153.705,2063.659
2008,Colombia,1618.335,228.366,2495.068
2009,Colombia,1482.593,216.108,2410.195
2010,Colombia,1791.071,196.763,2642.003
2011,Colombia,1979.293,231.528,3086.765
2012,Colombia,965.588,,1866.513
2001,Costa Rica,136.05,71.755,207.969
2008,Costa Rica,509.411,201.604,715.771
2009,Costa Rica,537.73,214.08,758.683
2010,Costa Rica,609.776,275.586,895.169
2011,Costa Rica,710.798,264.152,987.527
2012,Costa Rica,704.212,324.607,1043.248
2013,Costa Rica,808.797,370.885,1198.187
2014,Costa Rica,752.161,392.761,1160.713
2015,Costa Rica,856.446,440.377,1314.514
2016,Costa Rica,867.652,473.145,1359.286
2017,Costa Rica,899.115,476.495,1392.463
2018,Costa Rica,897.211,457.751,1373.935
2000,Côte d'Ivoire,0.407,5.865,19.944
2001,Côte d'Ivoire,0.318,6.818,30.135
2002,Côte d'Ivoire,0.238,11.174,33.77
2003,Côte d'Ivoire,0.262,9.847,28.565
2004,Côte d'Ivoire,0.282,11.439,30.09
2005,Côte d'Ivoire,0.231,11.265,32.017
2006,Côte d'Ivoire,0.191,10.683,32.176
2007,Côte d'Ivoire,0.154,12.851,37.82
2008,Côte d'Ivoire,0.201,17.359,43.639
2009,Côte d'Ivoire,0.193,20.645,41.745
2010,Côte d'Ivoire,0.164,22.623,38.004
2011,Côte d'Ivoire,0.129,3.289,16.187
2012,Côte d'Ivoire,0.157,24.329,74.101
2013,Côte d'Ivoire,0.164,30.293,84.349
2014,Côte d'Ivoire,0.192,34.191,61.475
2015,Côte d'Ivoire,0.178,34.807,53.856
2016,Côte d'Ivoire,0.208,32.096,49.5
2017,Côte d'Ivoire,0.223,32.566,58.618
2000,Croatia,692.266,99.297,802.382
2001,Croatia,640.369,152.016,805.208
2002,Croatia,867.606,224.798,1105.732
2003,Croatia,1082.012,344.374,1430.321
2004,Croatia,1216.76,435.295,1657.753
2005,Croatia,1255.539,485.078,1748.147
2006,Croatia,1342.354,546.078,1899.776
2007,Croatia,1547.616,654.321,2216.262
2008,Croatia,1668.576,736.849,2421.661
2009,Croatia,1562.879,536.162,2111.999
2010,Croatia,1666.293,504.307,2181.461
2011,Croatia,1524.453,522.75,2058.202
2012,Croatia,1340.709,449.32,1799.861
2013,Croatia,1553.176,462.028,2025.048
2014,Croatia,1706.71,490.134,2206.563
2015,Croatia,1580.404,410.721,1998.811
2016,Croatia,1703.641,433.502,2145.696
2017,Croatia,1806.997,485.612,2300.913
2018,Croatia,2070.958,491.178,2574.221
2000,Cyprus,65.071,180.921,245.992
2001,Cyprus,92.827,192.389,285.217
2002,Cyprus,103.702,205.008,308.71
2003,Cyprus,255.965,246.69,502.656
2004,Cyprus,328.232,299.631,627.863
2005,Cyprus,352.372,268.126,620.498
2006,Cyprus,364.365,265.909,630.274
2007,Cyprus,409.434,345.842,755.276
2008,Cyprus,446.479,394.624,841.103
2009,Cyprus,423.981,298.398,722.38
2010,Cyprus,466.197,241.575,707.772
2011,Cyprus,533.812,224.507,758.318
2012,Cyprus,466.662,177.182,645.643
2013,Cyprus,505.737,148.84,655.904
2014,Cyprus,548.339,162.657,712.19
2015,Cyprus,448.418,133.199,582.615
2016,Cyprus,456.619,135.725,593.561
2017,Cyprus,496.508,147.735,645.596
2018,Cyprus,545.925,148.374,695.833
2001,Democratic Republic of the Congo,5.445,15.799,25.235
2002,Democratic Republic of the Congo,9.417,26.462,43.611
2003,Democratic Republic of the Congo,19.611,42.27,71.075
2004,Democratic Republic of the Congo,43.403,47.837,102.333
2005,Democratic Republic of the Congo,79.082,61.43,152.382
2006,Democratic Republic of the Congo,91.945,87.865,190.714
2007,Democratic Republic of the Congo,121.458,123.652,253.859
2008,Democratic Republic of the Congo,156.965,205.007,375.017
2009,Democratic Republic of the Congo,111.386,183.945,302.409
2010,Democratic Republic of the Congo,118.872,214.063,337.184
2011,Democratic Republic of the Congo,169.168,301.445,475.985
2012,Democratic Republic of the Congo,184.447,65.375,253.35
2013,Democratic Republic of the Congo,185.658,34.28,222.713
2014,Democratic Republic of the Congo,170.316,17.083,190.415
2015,Democratic Republic of the Congo,142.3,18.63,164.427
2016,Democratic Republic of the Congo,136.957,13.258,152.961
2017,Democratic Republic of the Congo,50.798,12.202,66.681
2000,Dominican Republic,194.235,66.558,260.792
2001,Dominican Republic,450.004,44.815,494.819
2002,Dominican Republic,460.466,57.125,517.591
2003,Dominican Republic,281.852,77.426,359.278
2004,Dominican Republic,264.296,82.566,346.861
2005,Dominican Republic,485.82,111.978,597.798
2006,Dominican Republic,713.032,202.042,915.074
2007,Dominican Republic,903.929,261.125,1165.053
2008,Dominican Republic,981.918,262.212,1244.13
2009,Dominican Republic,844.354,211.554,1055.909
2010,Dominican Republic,939.619,242.767,1182.387
2011,Dominican Republic,1058.166,241.549,1299.715
2012,Dominican Republic,1079.849,247.379,1327.228
2013,Dominican Republic,1016.856,238.094,1254.95
2014,Dominican Republic,1027.576,271.205,1298.781
2015,Dominican Republic,677.175,312.639,989.815
2016,Dominican Republic,724.294,363.117,1087.411
2017,Dominican Republic,774.661,366.148,1140.808
2010,Ecuador,0.005,595.927,595.932
2002,Egypt,101.341,45.244,146.585
2003,Egypt,145.674,35.337,181.012
2004,Egypt,121.813,33.312,155.125
2005,Egypt,141.48,68.192,209.672
2006,Egypt,286.196,97.044,383.24
2007,Egypt,347.689,172.905,520.594
2008,Egypt,273.76,204.455,478.214
2009,Egypt,1260.805,289.509,1550.314
2010,Egypt,1345.318,326.773,1672.091
2011,Egypt,1364.139,305.504,1669.642
2012,Egypt,1505.946,329.092,1835.038
2013,Egypt,1794.442,293.567,2088.009
2014,Egypt,555.894,321.945,877.839
2015,Egypt,1560.681,369.432,1930.113
2016,Egypt,1314.77,273.994,1588.764
2017,Egypt,1859.797,139.879,1999.676
2010,El Salvador,0.004,103.6,103.604
2011,El Salvador,0.001,103.4,103.401
2012,El Salvador,0.002,106.9,106.902
2015,El Salvador,7.1,119.5,126.6
2016,El Salvador,8.9,128.6,137.5
2005,Equatorial Guinea,14.693,,25.948
2006,Equatorial Guinea,15.881,,30.544
2007,Equatorial Guinea,17.95,,36.89
2008,Equatorial Guinea,18.88,,28.017
2009,Equatorial Guinea,26.761,,35.162
2010,Equatorial Guinea,33.34,,48.215
2011,Equatorial Guinea,7.67,,22.276
2012,Equatorial Guinea,5.526,,22.077
2013,Equatorial Guinea,5.19,,20.707
2014,Equatorial Guinea,8.07,,25.553
2015,Equatorial Guinea,14.892,,33.484
2016,Equatorial Guinea,11.079,,28.151
2017,Equatorial Guinea,8.822,,31.911
2000,Estonia,70.171,12.218,95.934
2001,Estonia,99.727,13.249,132.277
2002,Estonia,109.919,14.891,146.248
2003,Estonia,151.199,4.791,186.592
2004,Estonia,215.9,9.317,254.148
2005,Estonia,268.449,11.389,320.572
2006,Estonia,305.213,12.841,373.935
2007,Estonia,399.066,15.053,489.808
2008,Estonia,465.253,13.065,559.342
2009,Estonia,494.898,10.633,581.099
2010,Estonia,500.56,11.529,573.009
2011,Estonia,550.062,15.013,633.554
2012,Estonia,554.893,15.547,630.957
2013,Estonia,558.899,16.464,646.486
2014,Estonia,615.326,16.982,734.102
2015,Estonia,544.762,15.538,634.589
2016,Estonia,627.332,15.796,739.525
2017,Estonia,675.335,16.317,769.81
2018,Estonia,736.285,17.446,838.769
2000,Ghana,97.592,,97.592
2001,Ghana,90.262,,90.262
2002,Ghana,136.292,,136.292
2003,Ghana,268.008,,268.008
2004,Ghana,346.795,,346.795
2005,Ghana,444.455,,444.455
2006,Ghana,444.242,,444.242
2007,Ghana,431.177,,431.177
2008,Ghana,365.116,10.602,375.718
2009,Ghana,197.851,15.612,213.463
2010,Ghana,179.236,25.667,204.903
2011,Ghana,290.041,32.444,322.485
2012,Ghana,303.2,38.296,341.496
2013,Ghana,268.719,43.931,312.65
2014,Ghana,212.947,18.993,231.94
2015,Ghana,589.796,63.941,653.737
2016,Ghana,1020.538,325.03,1345.569
2017,Ghana,765.885,322.998,1088.882
2000,Guatemala,178.974,23.985,202.959
2001,Guatemala,206.233,28.148,234.38
2002,Guatemala,204.561,32.039,236.6
2003,Guatemala,188.506,32.364,220.871
2004,Guatemala,222.576,33.763,256.339
2005,Guatemala,63.571,41.8,105.371
2006,Guatemala,255.53,43.051,298.581
2007,Guatemala,266.808,46.017,312.825
2008,Guatemala,256.401,53.121,309.523
2009,Guatemala,267.621,57.281,324.901
2010,Guatemala,270.385,62.685,333.07
2011,Guatemala,272.998,71.711,344.708
2012,Guatemala,268.484,115.362,383.846
2013,Guatemala,292.421,194.723,487.144
2014,Guatemala,316.222,170.649,486.871
2015,Guatemala,378.716,213.069,591.784
2016,Guatemala,420.439,230.21,650.649
2017,Guatemala,448.621,242.086,690.706
2000,Honduras,175.599,,175.599
2001,Honduras,217.939,,217.939
2002,Honduras,213.664,,213.664
2003,Honduras,216.395,,216.395
2004,Honduras,256.951,,256.951
2005,Honduras,261.04,,261.04
2006,Honduras,270.174,,270.174
2007,Honduras,295.209,,295.209
2008,Honduras,294.65,,294.65
2009,Honduras,319.236,,319.236
2010,Honduras,332.785,,332.785
2011,Honduras,326.529,,326.741
2012,Honduras,352.165,,355.344
2013,Honduras,374.034,,378.996
2014,Honduras,422.83,,427.928
2015,Honduras,470.126,,473.954
2016,Honduras,507.738,,510.307
2017,Honduras,543.827,,547.207
2005,India,7304.174,3798.9,11207.967
2006,India,7242.292,4338.859,11664.758
2007,India,7998.753,5132.552,13228.001
2008,India,8144.43,5403.518,14071.985
2009,India,7946.629,5523.034,14433.397
2010,India,9553.569,7063.803,16960.973
2011,India,13175.799,,17063.193
2000,Israel,1445.553,2031.475,3511.119
2001,Israel,1434.261,1894.119,3356.913
2002,Israel,1459.319,1638.093,3122.108
2003,Israel,1653.224,1643.123,3332.577
2004,Israel,1856.767,2083.006,3966.101
2005,Israel,2060.521,2133.164,4221.827
2006,Israel,2330.441,2177.158,4537
2007,Israel,2875.794,2644.543,5558.554
2008,Israel,3592.51,2943.127,6605.495
2009,Israel,3439.941,2729.167,6241.578
2010,Israel,4143.649,3319.626,7661.71
2011,Israel,4709.724,3460.468,8313.096
2012,Israel,4546.254,3004.21,7693.309
2013,Israel,4720.338,3361.898,8265.265
2014,Israel,4854.769,4022.723,9080.308
2000,Kazakhstan,8.189,41.517,160.61
2001,Kazakhstan,280.92,45.722,359.162
2002,Kazakhstan,198.977,35.706,308.339
2003,Kazakhstan,641.788,40.02,801.486
2004,Kazakhstan,307.215,56.53,1154.269
2005,Kazakhstan,741.985,73.088,1823.322
2006,Kazakhstan,1675.533,108.344,2180.207
2007,Kazakhstan,1568.351,163.038,2445.098
2008,Kazakhstan,3233.913,155.579,4117.327
2009,Kazakhstan,2288.886,141.251,3478.099
2010,Kazakhstan,5401.724,190.872,6814.883
2011,Kazakhstan,6881.853,218.837,8512.221
2012,Kazakhstan,6987.02,230.108,8736.088
2013,Kazakhstan,6193.789,264.499,8176.335
2014,Kazakhstan,5476.321,241.06,6948.582
2015,Kazakhstan,2192.584,194.874,3205.81
2016,Kazakhstan,937.103,137.009,1736.059
2017,Kazakhstan,2099.674,183.99,3301.183
2001,Kenya,327.685,162.799,490.484
2002,Kenya,328.397,157.386,485.783
2003,Kenya,340.209,165.785,505.995
2004,Kenya,354.044,189.542,543.586
2005,Kenya,404.081,222.715,626.796
2006,Kenya,442.741,250.76,693.501
2007,Kenya,502.683,370.929,873.612
2008,Kenya,497.213,375.947,873.16
2009,Kenya,516.477,382.89,899.367
2010,Kenya,550.896,409.209,960.105
2011,Kenya,506.098,381.059,887.157
2012,Kenya,497.663,423.257,920.921
2013,Kenya,497.161,470.032,967.193
2014,Kenya,591.501,737.651,1329.152
2015,Kenya,550.884,686.569,1237.452
2016,Kenya,102.681,803.37,906.052
2000,Latvia,144.269,26.423,196.253
2001,Latvia,136.998,26.014,187.567
2002,Latvia,163.823,32.542,222.567
2003,Latvia,221.119,40.275,287.843
2004,Latvia,293.619,48.659,368.417
2005,Latvia,358.548,49.632,437.985
2006,Latvia,397.171,61.124,490.202
2007,Latvia,530.33,81.647,646.137
2008,Latvia,644.479,76.936,756.729
2009,Latvia,805.195,57.093,889.864
2010,Latvia,681.312,81.128,792.718
2011,Latvia,703.21,128.333,870.404
2012,Latvia,709.408,120.122,872.144
2013,Latvia,874.669,136.336,1059.02
2014,Latvia,984.155,150.864,1185.014
2015,Latvia,847.707,142.155,1034.97
2016,Latvia,868.575,148.233,1053.781
2017,Latvia,917.993,155.262,1121.944
2018,Latvia,889.086,168.491,1114.316
2000,Lithuania,200.378,76.591,317.558
2001,Lithuania,223.802,80.73,354.187
2002,Lithuania,285.331,104.544,452.558
2003,Lithuania,370.61,137.979,540.715
2004,Lithuania,413.396,177.279,634.274
2005,Lithuania,453.518,124.428,623.118
2006,Lithuania,494.127,28.508,569.355
2007,Lithuania,628.457,40.866,724.381
2008,Lithuania,729.675,21.38,782.507
2009,Lithuania,713.254,16.035,756.581
2010,Lithuania,652.091,16.723,681.88
2011,Lithuania,691.801,19.847,744.637
2012,Lithuania,663.14,19.781,715.723
2013,Lithuania,713.807,40.559,799.636
2014,Lithuania,770.797,48.792,862.551
2015,Lithuania,690.879,35.188,784.672
2016,Lithuania,749.151,37.217,848.36
2017,Lithuania,824.791,38.826,933.484
2018,Lithuania,955.313,39.049,1071.947
2004,Madagascar,74.947,,74.947
2005,Madagascar,77.097,,77.097
2006,Madagascar,104.397,,104.397
2007,Madagascar,128.357,,128.357
2008,Madagascar,178.417,,178.417
2009,Madagascar,116.227,,116.227
2010,Madagascar,129.165,,129.165
2011,Madagascar,153.477,,153.477
2012,Madagascar,136.305,,136.305
2013,Madagascar,198.136,,198.136
2014,Madagascar,156.886,,156.886
2015,Madagascar,136.151,,136.151
2016,Madagascar,117.115,,117.115
2017,Madagascar,141.786,,141.786
2005,Malaysia,0.264,570.887,571.679
2006,Malaysia,0.273,487.163,487.981
2008,Malaysia,0.3,544.392,545.291
2009,Malaysia,0.284,531.422,532.274
2010,Malaysia,0.31,624.013,624.944
2011,Malaysia,0.327,715.359,716.993
2012,Malaysia,0.324,740.093,741.388
2014,Malaysia,1.222,774.552,776.385
2015,Malaysia,0.512,674.177,675.458
2016,Malaysia,0.482,654.967,656.172
2000,Mali,47.325,3.36,56.63
2001,Mali,38.657,3.619,53.687
2002,Mali,43.263,5.414,67.195
2003,Mali,58.041,5.795,79.676
2004,Mali,57.899,5.518,78.094
2005,Mali,50.03,6.497,75.127
2006,Mali,31.726,7.015,68.469
2007,Mali,76.796,8.382,114.427
2008,Mali,77.996,8.953,112.247
2009,Mali,48.707,8.253,100.482
2010,Mali,51.809,8.831,101.989
2011,Mali,9.927,10.393,72.627
2012,Mali,49.423,9.41,121.032
2013,Mali,45.11,10.212,113.796
2014,Mali,56.214,11.284,119.021
2015,Mali,157.687,10.41,210.794
2016,Mali,169.724,13.787,235.122
2017,Mali,150.816,12.505,216.028
2000,Malta,54.021,89.291,143.312
2001,Malta,59.078,82.499,141.577
2002,Malta,57.949,84.429,142.377
2003,Malta,63.577,106.806,170.383
2004,Malta,70.127,100.032,171.234
2005,Malta,77.34,105.975,196.182
2006,Malta,84.25,116.959,216.155
2007,Malta,134.404,125.782,279.969
2008,Malta,126.303,141.49,292.786
2009,Malta,120.327,131.174,269.424
2010,Malta,122.802,115.828,252.466
2011,Malta,149.228,129.263,293.697
2012,Malta,139.34,112.016,264.042
2013,Malta,142.996,114.234,273.265
2014,Malta,169.91,125.554,317.393
2015,Malta,153.312,120.429,298.237
2016,Malta,159.918,124.838,306.059
2017,Malta,174.013,139.339,339.712
2018,Malta,190.912,154.311,376.725
2007,Mauritania,114.133,39.461,175.749
2008,Mauritania,180.321,53.736,279.25
2009,Mauritania,189.72,57.039,269.687
2010,Mauritania,178.96,75.464,285.171
2011,Mauritania,201.764,80.823,342.66
2012,Mauritania,218.427,101.14,383.518
2013,Mauritania,217.53,90.461,327.511
2014,Mauritania,219.293,97.779,340.756
2015,Mauritania,320.852,91.477,432.108
2016,Mauritania,469.064,88.259,758.245
2017,Mauritania,484.608,87.081,837.296
2007,Mauritius,61.928,97.076,171.481
2008,Mauritius,68.96,128.089,210.924
2009,Mauritius,69.228,133.217,215.324
2010,Mauritius,78.634,142.933,234.252
2011,Mauritius,105.132,164.022,294.611
2012,Mauritius,103.115,188.02,307.494
2013,Mauritius,99.947,180.334,297.023
2014,Mauritius,105.128,200.953,338.039
2015,Mauritius,93.897,179.196,297.97
2016,Mauritius,96.737,183.105,303.929
2017,Mauritius,105.636,219.708,345.986
2000,Morocco,855.781,90.602,957.328
2001,Morocco,879.975,91.551,975.794
2002,Morocco,905.432,97.572,1008.892
2003,Morocco,1061.637,118.754,1187.409
2004,Morocco,1048.268,126.86,1183.515
2005,Morocco,1169.899,127.355,1308.795
2006,Morocco,1223.211,138.479,1375.897
2007,Morocco,1408.489,162.188,1636.532
2008,Morocco,1598.254,176.147,1840.602
2009,Morocco,1663.458,196.82,1924.725
2010,Morocco,1633.41,163.416,1852.673
2011,Morocco,1865.845,177.605,2137.192
2012,Morocco,1768.662,179.221,1965.566
2013,Morocco,1862.171,229.897,2131.133
2014,Morocco,1945.713,233.395,2260.991
2015,Morocco,180.735,199.478,450.709
2016,Morocco,101.886,238.492,420.001
2017,Morocco,104.781,560.004,760.227
2000,Nicaragua,107.108,,107.108
2001,Nicaragua,94.489,1.24,95.728
2002,Nicaragua,98.194,1.281,99.476
2003,Nicaragua,103.703,1.205,104.908
2004,Nicaragua,101.548,1.186,102.734
2005,Nicaragua,104.946,1.08,106.027
2006,Nicaragua,105.071,1.264,106.335
2007,Nicaragua,114.242,0.97,115.213
2008,Nicaragua,111.615,1.069,112.684
2009,Nicaragua,111.93,0.949,112.879
2010,Nicaragua,126.374,0.957,127.331
2011,Nicaragua,120.41,0.943,121.352
2012,Nicaragua,129.33,0.898,130.228
2013,Nicaragua,138.241,1.242,139.483
2014,Nicaragua,151.682,1.596,153.278
2015,Nicaragua,161.281,2.203,163.484
2016,Nicaragua,175.447,1.185,176.632
2017,Nicaragua,184.155,1.965,186.12
2000,Niger,6.058,1.243,7.526
2001,Niger,7.68,0.844,8.805
2002,Niger,9.595,0.821,10.802
2003,Niger,13.01,1.041,14.339
2004,Niger,13.515,1.243,15.282
2005,Niger,12.616,1.185,14.493
2006,Niger,12.591,1.401,14.827
2007,Niger,15.798,1.731,18.634
2008,Niger,15.612,2.201,19.063
2009,Niger,20.229,2.433,23.388
2010,Niger,23.61,2.733,28.833
2011,Niger,27.253,2.783,32.759
2012,Niger,37.502,3.271,43.365
2013,Niger,28.732,4.126,34.676
2014,Niger,24.096,4.504,30.519
2015,Niger,32.761,4.191,37.715
2016,Niger,21.431,4.43,26.254
2017,Niger,18.366,4.737,23.721
2000,Panama,108.783,11.725,120.508
2001,Panama,106.874,11.663,118.537
2002,Panama,115.586,11.996,127.582
2003,Panama,116.74,12.34,129.08
2004,Panama,100.652,12.745,113.397
2005,Panama,69.4,12.81,82.21
2006,Panama,85.974,14.095,100.069
2007,Panama,89.974,15.058,105.032
2008,Panama,85.824,15.787,101.611
2009,Panama,111.404,16.505,127.909
2010,Panama,96.518,,96.518
2011,Panama,90.136,,90.136
2012,Panama,100.903,132.88,233.783
2013,Panama,117.377,141.22,258.597
2014,Panama,133.266,175.56,308.826
2015,Panama,242.221,182.401,424.622
2016,Panama,213.56,172.108,385.668
2017,Panama,189.517,184.628,374.145
2000,Paraguay,90.838,,91.892
2001,Paraguay,103.742,,104.568
2002,Paraguay,62.979,,63.588
2003,Paraguay,94.543,0.467,95.578
2004,Paraguay,139.385,0.561,141.06
2005,Paraguay,111.489,1.202,114.625
2006,Paraguay,147.045,5.359,156.878
2007,Paraguay,198.844,7.007,210.804
2008,Paraguay,235.385,7.453,251.396
2009,Paraguay,220.135,9.277,237.341
2010,Paraguay,237.811,11.999,259.629
2011,Paraguay,316.889,16.568,333.457
2012,Paraguay,329.005,16.198,345.203
2013,Paraguay,330.451,1.096,331.546
2014,Paraguay,400.501,1,401.501
2015,Paraguay,341.079,18.971,362.433
2016,Paraguay,322.825,19.516,344.658
2017,Paraguay,361.629,20.141,384.378
2000,Peru,635.358,,635.358
2001,Peru,688.941,7.266,696.207
2002,Peru,879.966,8.807,888.773
2003,Peru,972.296,15.241,987.537
2004,Peru,963.297,18.014,981.311
2005,Peru,833.262,16.754,850.017
2006,Peru,783.132,17.34,800.472
2007,Peru,828.856,21.415,850.271
2008,Peru,574.133,32.457,606.59
2009,Peru,796.412,45.729,842.141
2010,Peru,927.64,54.602,982.242
2011,Peru,912.567,64.571,977.137
2012,Peru,937.979,74.36,1012.339
2013,Peru,1049.706,86.39,1136.096
2014,Peru,852.646,93.049,945.695
2015,Peru,798.542,88.579,887.12
2016,Peru,810.386,89.87,900.256
2017,Peru,910.005,88.218,998.223
2000,Philippines,640.316,92.414,742.189
2001,Philippines,484.148,95.72,586.065
2002,Philippines,425.494,110.438,540.215
2003,Philippines,393.758,136.818,534.008
2004,Philippines,324.929,127.623,459.387
2005,Philippines,339.636,151.964,497.681
2006,Philippines,252.483,172.817,438.182
2007,Philippines,217.472,214.829,456.267
2008,Philippines,256.75,233.715,508.672
2009,Philippines,267.871,228.106,513.825
2010,Philippines,217.958,239.572,491.779
2011,Philippines,230.023,318.287,713.063
2012,Philippines,240.57,355.208,652.848
2013,Philippines,200.324,363.637,625.828
2014,Philippines,212.163,366.008,644.552
2015,Philippines,261.258,341.122,650.882
2016,Philippines,276.065,382.987,698.932
2017,Philippines,307.755,447.705,803.373
2000,Romania,1011.437,22.433,1073.716
2001,Romania,607.829,28.871,706.829
2002,Romania,693.532,32.642,792.548
2003,Romania,1288.1,39.879,1386.684
2004,Romania,1730.758,48.259,1781.498
2005,Romania,1912.548,61.675,1975.493
2006,Romania,2181.822,178.89,2370.787
2007,Romania,2900.892,591.367,3504.85
2008,Romania,2884.005,736.167,3636.053
2009,Romania,2649.767,462.299,3121.543
2010,Romania,2968.344,530.224,3513.546
2011,Romania,3128.575,436.888,3578.518
2012,Romania,2920.506,452.05,3384.551
2013,Romania,3295.966,528.048,3837.536
2014,Romania,4100.204,522.129,4634.604
2015,Romania,3859.082,447.241,4315.186
2016,Romania,3928.943,443.365,4383.887
2017,Romania,3840.846,290.71,4142.587
2018,Romania,4663.289,331.305,5005.757
2000,Rwanda,20.161,8.128,28.289
2001,Rwanda,12.375,7.38,19.755
2002,Rwanda,12.416,8.156,20.572
2003,Rwanda,12.124,7.65,19.774
2004,Rwanda,12.645,8.047,20.692
2005,Rwanda,11.678,7.995,19.673
2006,Rwanda,10.284,12.123,22.407
2007,Rwanda,9.254,13.313,22.567
2008,Rwanda,11.993,15.474,27.466
2009,Rwanda,29.22,19.268,48.488
2010,Rwanda,53.06,29.933,82.993
2011,Rwanda,67.209,32.363,99.572
2012,Rwanda,54.516,38.733,93.249
2013,Rwanda,55.644,39.729,95.374
2014,Rwanda,54.678,39.024,93.703
2015,Rwanda,65.249,45.595,110.843
2016,Rwanda,63.208,58.443,121.651
2017,Rwanda,60.146,58.277,118.423
2005,Samoa,1.075,,1.075
2006,Samoa,0.757,,0.757
2007,Samoa,0.971,,0.971
2008,Samoa,1.007,,1.007
2002,Senegal,69.011,,69.011
2003,Senegal,96.352,,96.352
2004,Senegal,116.604,,116.604
2005,Senegal,118.68,,118.68
2006,Senegal,128.134,,128.134
2007,Senegal,203.749,,203.749
2008,Senegal,217.595,,217.595
2009,Senegal,193.144,,193.144
2010,Senegal,153.651,,153.651
2011,Senegal,176.385,,176.385
2012,Senegal,168.532,,178.325
2013,Senegal,148.045,,157.963
2014,Senegal,247.161,,255.251
2015,Senegal,221.441,,228.373
2016,Senegal,302.188,,305.223
2017,Senegal,188.973,,209.932
2008,Seychelles,25.907,9.208,44.987
2009,Seychelles,23.324,6.328,42.912
2010,Seychelles,33.395,16.65,57.792
2011,Seychelles,36.182,18.676,64.976
2012,Seychelles,32.84,17.113,61.036
2013,Seychelles,36.644,17.032,63.344
2014,Seychelles,37.122,20.239,65.838
2015,Seychelles,37.059,21.869,69.526
2016,Seychelles,39.858,25.847,75.711
2017,Seychelles,47.976,26.873,85.018
2004,Singapore,214.79,273.927,488.717
2005,Singapore,224.105,311.224,535.329
2006,Singapore,225.308,320.97,546.278
2007,Singapore,256.121,320.483,576.603
2008,Singapore,281.3,322.293,603.593
2009,Singapore,283.943,236.505,520.448
2010,Singapore,307.296,195.818,503.114
2011,Singapore,331.538,197.173,528.711
2012,Singapore,334.487,186.448,520.935
2013,Singapore,333.253,164.629,497.882
2014,Singapore,333.057,198.098,531.155
2015,Singapore,426.236,290.219,716.455
2016,Singapore,432.124,363.361,795.485
2017,Singapore,599.598,,599.598
2000,Slovenia,531.73,87.283,662.689
2001,Slovenia,591.373,89.553,722.346
2002,Slovenia,648.14,97.126,808.294
2003,Slovenia,753.642,139.687,1006.318
2004,Slovenia,868.195,183.68,1167.43
2005,Slovenia,869.757,184.433,1186.076
2006,Slovenia,901.911,191.944,1209.697
2007,Slovenia,1091.35,242.326,1457.733
2008,Slovenia,1274.756,259.14,1670.575
2009,Slovenia,1524.58,204.593,1846.81
2010,Slovenia,1496.73,193.859,1813.197
2011,Slovenia,1594.441,202.402,1927.144
2012,Slovenia,1594.601,185.497,1934.763
2013,Slovenia,1765.128,217.33,2210.155
2014,Slovenia,1799.283,226.249,2249.022
2015,Slovenia,1607.521,193.094,2008.16
2016,Slovenia,1695.023,196.956,2105.616
2017,Slovenia,1765.983,211.723,2195.522
2018,Slovenia,1948.987,234.936,2450.678
2000,South Africa,2371.068,542.351,2913.418
2001,South Africa,1935.178,519.646,2454.824
2002,South Africa,1647.341,499.741,2147.082
2003,South Africa,2405.077,801.745,3206.822
2004,South Africa,3121.573,1019.29,4140.862
2005,South Africa,3735.678,1167.985,4910.142
2006,South Africa,3787.337,1259.845,5057.662
2007,South Africa,4461.321,1325.902,5798.133
2008,South Africa,3983.751,744.448,4741.697
2009,South Africa,4641.662,692.725,5343.658
2010,South Africa,6820.871,972.374,7842.044
2011,South Africa,7951.574,1341.829,9346.116
2012,South Africa,7714.229,1302.222,9069.28
2013,South Africa,7226.3,1237.859,8496.863
2014,South Africa,7075.658,1122.502,8217.22
2015,South Africa,7699.831,1025.91,8746.534
2016,South Africa,7002.348,,7723.813
2017,South Africa,8440.329,,9369.611
2000,Eswatini,10.867,1.219,12.087
2001,Eswatini,10.548,0.947,11.496
2002,Eswatini,7.767,0.812,8.579
2003,Eswatini,10.619,1.292,11.911
2004,Eswatini,11.863,1.843,13.706
2005,Eswatini,11.539,0.853,12.392
2006,Eswatini,13.333,2.224,15.557
2007,Eswatini,8.913,4.721,13.634
2008,Eswatini,8.951,4.233,13.184
2009,Eswatini,10.775,4.462,15.237
2010,Eswatini,20.155,4.755,24.91
2011,Eswatini,28.375,5.533,33.908
2012,Eswatini,46.463,4.809,51.272
2013,Eswatini,56.906,4.388,61.294
2014,Eswatini,52.797,4.127,56.925
2015,Eswatini,52.262,3.606,55.868
2000,Togo,16.487,,16.487
2001,Togo,12.124,,12.124
2002,Togo,12.55,,12.55
2003,Togo,22.667,,22.667
2004,Togo,25.1,,25.1
2005,Togo,22.316,,22.316
2006,Togo,46.534,,46.534
2007,Togo,33.207,,33.207
2008,Togo,55.412,,55.663
2009,Togo,26.328,,26.586
2010,Togo,23.154,,23.414
2011,Togo,27.015,,27.288
2012,Togo,27.319,,27.625
2013,Togo,131.766,0.007,133.509
2014,Togo,73.423,0.374,75.585
2015,Togo,55.176,0.485,56.984
2016,Togo,62.153,0.52,64.057
2017,Togo,66.297,0.534,68.397
2008,Trinidad and Tobago,15.342,58.753,74.095
2009,Trinidad and Tobago,14.838,51.763,66.602
2010,Trinidad and Tobago,16.463,58.895,75.358
2011,Trinidad and Tobago,15.766,66.865,82.631
2012,Trinidad and Tobago,15.351,81.551,96.903
2013,Trinidad and Tobago,15.926,85.609,101.535
2014,Trinidad and Tobago,14.596,88.843,103.439
2015,Trinidad and Tobago,13.783,90.236,104.019
2016,Trinidad and Tobago,19.771,85.32,105.091
2017,Trinidad and Tobago,14.99,61.207,76.197
2000,Tunisia,189.686,179.661,377.126
2001,Tunisia,187.668,197.841,394.084
2002,Tunisia,191.316,199.909,403.596
2003,Tunisia,207.224,205.918,425.495
2004,Tunisia,220.801,236.677,465.336
2005,Tunisia,207.332,250.723,467.744
2006,Tunisia,197.592,269.348,476.941
2007,Tunisia,211.494,309.79,532.927
2008,Tunisia,212.638,358.815,583.342
2009,Tunisia,190.332,358.517,560.225
2010,Tunisia,187.229,404.063,645.351
2011,Tunisia,188.95,334.272,535.465
2012,Tunisia,168.386,378.643,557.4
2013,Tunisia,158.803,391.152,572.62
2014,Tunisia,164.342,396.219,596.759
2015,Tunisia,155.284,388.138,551.855
2016,Tunisia,302.045,348.46,670.386
2017,Tunisia,291.403,364.522,662.013
2000,Uganda,119.918,10.879,130.797
2001,Uganda,113.518,10.714,124.232
2002,Uganda,123.594,12.933,136.528
2003,Uganda,122.561,15.5,138.062
2004,Uganda,149.043,23.592,172.635
2005,Uganda,173.556,29.452,203.009
2006,Uganda,218.412,34.514,252.926
2007,Uganda,300.178,38.484,342.118
2008,Uganda,367.828,23.249,395.756
2009,Uganda,338.263,23.558,365.906
2010,Uganda,363.168,29.435,396.381
2011,Uganda,343.365,26.725,374.735
2012,Uganda,391.911,25.468,421.731
2013,Uganda,359.56,27.053,391.707
2014,Uganda,441.158,35.717,482.926
2015,Uganda,404.413,28.354,438.252
2016,Uganda,437.891,21.447,465.415
2017,Uganda,481.189,22.248,510.008
2000,Uruguay,336.168,267.108,603.277
2001,Uruguay,335.315,246.037,581.352
2002,Uruguay,195.95,123.066,319.015
2003,Uruguay,149.55,103.326,252.876
2004,Uruguay,160.108,119.747,279.856
2005,Uruguay,200.191,165.365,365.556
2006,Uruguay,223.064,188.827,411.891
2007,Uruguay,242.593,216.705,459.298
2008,Uruguay,211.792,274.51,486.302
2009,Uruguay,242.02,244.169,486.189
2010,Uruguay,326.592,311.153,637.745
2011,Uruguay,437.331,353.263,790.594
2012,Uruguay,450.332,372.19,822.522
2013,Uruguay,501.357,446.606,947.963
2014,Uruguay,508.323,460.862,969.185
2015,Uruguay,515.837,422.928,938.765
2016,Uruguay,504.675,438.27,942.945
2017,Uruguay,597.31,497.743,1095.053
2000,Venezuela,688.175,,688.175
2001,Venezuela,674.315,,674.315
2002,Venezuela,357.569,,357.569
2003,Venezuela,172.238,,172.238
2004,Venezuela,158.931,,158.931
2005,Venezuela,225.766,,225.766
2006,Venezuela,353.626,,353.626
2007,Venezuela,327.867,,327.867
2008,Venezuela,546.754,,546.754
2009,Venezuela,352.051,,352.051
2010,Venezuela,495.641,,495.641
2003,Serbia,578.963,,589.962
2004,Serbia,638.841,,653.301
2005,Serbia,657.737,90.92,785.169
2006,Serbia,777.474,97.254,945.883
2007,Serbia,938.999,132.391,1164.132
2008,Serbia,1060.994,159.164,1319.417
2009,Serbia,1121.459,143.044,1387.78
2010,Serbia,1043.488,130.681,1314.28
2011,Serbia,1232.977,147.98,1537.928
2012,Serbia,1042.586,130.767,1284.939
2013,Serbia,1288.073,124.706,1544.995
2014,Serbia,1454.245,124.944,1753.869
2015,Serbia,1331.663,108.286,1564.24
2016,Serbia,1453.984,113.231,1714.938
2005,Montenegro,66.312,3.798,70.11
2006,Montenegro,75.889,4.616,80.505
2000,OECD - Total,335644.906,128047.531,477668.313
2001,OECD - Total,331546.406,122730.008,468357.375
2002,OECD - Total,356789.125,126903.031,499064.344
2003,OECD - Total,410160.375,145604.563,573995.375
2004,OECD - Total,447418.75,163767.156,632130.75
2005,OECD - Total,460165.063,176505,658649.688
2006,OECD - Total,462364.406,183434.141,669383.625
2007,OECD - Total,500807.313,202367.469,730195.938
2008,OECD - Total,501521.938,205865.188,736968.625
2009,OECD - Total,501112.063,187580.609,715849.625
2010,OECD - Total,517918.656,197215.547,743164.688
2011,OECD - Total,549826.188,219654.859,799810.875
2012,OECD - Total,539603.688,215701.156,785179
2013,OECD - Total,558532.688,214037.938,804066.25
2014,OECD - Total,565219.813,216699.094,812640.688
2015,OECD - Total,523280.25,200603.703,750019.313
2016,OECD - Total,531159.75,202975.875,760411.375
2017,OECD - Total,530342.875,205196.094,757974.063
2018,OECD - Total,550620.813,207274.438,778212.438
2000,OECD - Europe,185635.359,51778.105,248516.469
2001,OECD - Europe,183348.141,51363.484,246175.25
2002,OECD - Europe,205262.094,55590.359,273612.531
2003,OECD - Europe,252539.516,69155.969,337188.188
2004,OECD - Europe,284260.813,81611.398,383830
2005,OECD - Europe,291675.906,90144.313,400541.938
2006,OECD - Europe,299049.688,95229.141,414048.844
2007,OECD - Europe,330065.563,111091.828,463951.031
2008,OECD - Europe,348387.688,112938.398,486217.75
2009,OECD - Europe,328630.344,97477.852,448578.125
2010,OECD - Europe,332174.688,100860.477,455584.281
2011,OECD - Europe,362012.031,111190.078,497719.469
2012,OECD - Europe,347887.75,104790.086,476530.719
2013,OECD - Europe,368500.219,108263.555,502243.031
2014,OECD - Europe,375055.344,110820,510466.5
2015,OECD - Europe,328101.844,97639.859,444729.844
2016,OECD - Europe,329753.188,97367.242,445955.031
2017,OECD - Europe,330015.719,99446.656,448306.406
2018,OECD - Europe,352739.313,100669.805,468859.281
2000,OECD Asia Oceania,68113.82,41271.469,110098
2001,OECD Asia Oceania,62985.391,37940.129,101545.031
2002,OECD Asia Oceania,62680.668,37239.043,100491.078
2003,OECD Asia Oceania,69657.461,41133.395,111417.125
2004,OECD Asia Oceania,76254.445,43780.277,120696.703
2005,OECD Asia Oceania,80700.578,44995.297,126353.047
2006,OECD Asia Oceania,79209.82,44037.816,123862.813
2007,OECD Asia Oceania,84155.406,46063.363,130935.039
2008,OECD Asia Oceania,83312.852,48756.984,132909.938
2009,OECD Asia Oceania,84332.695,47549.133,132705.109
2010,OECD Asia Oceania,98456.188,50722.098,150335.484
2011,OECD Asia Oceania,104127.391,60026.789,165472.078
2012,OECD Asia Oceania,110758.617,59446.715,171751.609
2013,OECD Asia Oceania,99989.633,53511.328,155100.719
2014,OECD Asia Oceania,93647.32,51851.055,147520.047
2015,OECD Asia Oceania,83692.156,47991.023,133611.766
2016,OECD Asia Oceania,88774.172,50338.598,141040.844
2017,OECD Asia Oceania,87206.617,50034.508,139156.813
2018,OECD Asia Oceania,87413.289,50840.781,140164.75
2000,OECD America,81895.742,34997.953,119053.836
2001,OECD America,85212.891,33426.391,120637.109
2002,OECD America,88846.352,34073.625,124960.719
2003,OECD America,87963.391,35315.203,125390.055
2004,OECD America,86903.5,38375.48,127604.039
2005,OECD America,87788.563,41365.383,131754.672
2006,OECD America,84104.922,44167.188,131472
2007,OECD America,86586.328,45212.281,135309.906
2008,OECD America,69821.375,44169.805,117840.953
2009,OECD America,88149.008,42553.629,134566.375
2010,OECD America,87287.781,45632.977,137244.922
2011,OECD America,83686.742,48437.992,136619.359
2012,OECD America,80957.305,51464.352,136896.672
2013,OECD America,90042.82,52263.051,146722.5
2014,OECD America,96517.141,54028.047,154654.125
2015,OECD America,111486.234,54972.813,171677.703
2016,OECD America,112632.398,55270.039,173415.5
2017,OECD America,113120.5,55714.922,170510.828
2018,OECD America,110468.172,55763.844,169188.391
2000,Bahamas,,77.926,77.926
2001,Bahamas,,77.135,77.135
2002,Bahamas,,80.155,80.155
2003,Bahamas,,77.95,77.95
2004,Bahamas,,86.487,86.487
2005,Bahamas,,87.307,87.307
2006,Bahamas,,96.602,96.602
2007,Bahamas,,97.322,97.322
2008,Bahamas,,97.702,97.702
2009,Bahamas,,92.725,92.725
2010,Bahamas,,91.003,91.003
2011,Bahamas,,130.518,130.518
2012,Bahamas,,131.129,131.129
2013,Bahamas,,172.377,172.377
2014,Bahamas,,154.215,154.215
2015,Bahamas,,176.068,176.068
2016,Bahamas,,165.002,165.002
2017,Bahamas,,165.744,165.744
2000,Belize,,1.498,1.498
2001,Belize,,1.603,1.603
2002,Belize,,1.668,1.668
2003,Belize,,1.798,1.798
2004,Belize,,2.135,2.135
2005,Belize,,2.345,2.345
2006,Belize,,2.557,2.557
2007,Belize,,2.793,2.793
2000,Brazil,,4018.754,4018.754
2013,China (People's Republic of),,49554.874,72211.182
2014,China (People's Republic of),,55769.623,79656.198
2015,China (People's Republic of),,54690.582,77511.98
2000,Costa Rica,,67.232,67.245
2000,Democratic Republic of the Congo,,23.229,26.999
2000,Ecuador,,22.29,22.29
2001,Ecuador,,49.872,49.872
2002,Ecuador,,158.758,158.758
2003,Ecuador,,118.258,118.258
2004,Ecuador,,127.155,127.155
2005,Ecuador,,114.998,114.998
2006,Ecuador,,169.604,169.604
2007,Ecuador,,143.227,143.227
2008,Ecuador,,103.869,103.869
2009,Ecuador,,126.701,126.701
2011,Ecuador,,746.149,746.149
2012,Ecuador,,1610.068,1610.068
2013,Ecuador,,1690.026,1690.026
2014,Ecuador,,1803.563,1803.563
2015,Ecuador,,1685.869,1685.869
2016,Ecuador,,1484.663,1512.907
2017,Ecuador,,507.921,539.093
2001,El Salvador,,1.6,1.6
2002,El Salvador,,64.9,64.9
2003,El Salvador,,67.2,67.2
2004,El Salvador,,67.1,67.1
2005,El Salvador,,66.4,66.4
2006,El Salvador,,69,69
2007,El Salvador,,70.3,70.3
2008,El Salvador,,98.6,98.6
2009,El Salvador,,102.2,102.2
2013,El Salvador,,108.3,108.3
2014,El Salvador,,110.5,110.5
2000,Guyana,,9.849,10.584
2001,Guyana,,9.676,11.563
2002,Guyana,,9.799,11.51
2003,Guyana,,9.247,11.021
2004,Guyana,,10.699,12.078
2005,Guyana,,10.887,13.253
2006,Guyana,,10.989,13.095
2007,Guyana,,7.792,10.33
2008,Guyana,,7.306,10.281
2009,Guyana,,7.914,11.219
2010,Guyana,,9.323,13.138
2011,Guyana,,8.478,13.449
2012,Guyana,,9.022,14.263
2013,Guyana,,10.317,15.534
2014,Guyana,,11.206,16.211
2015,Guyana,,11.193,13.595
2016,Guyana,,14.091,14.092
2017,Guyana,,15.689,23.938
2000,Jamaica,,63.963,63.963
2001,Jamaica,,62.61,62.61
2002,Jamaica,,49.83,49.83
2003,Jamaica,,35.612,35.612
2004,Jamaica,,31.24,31.24
2005,Jamaica,,45.748,45.748
2006,Jamaica,,45.702,45.702
2007,Jamaica,,45.602,45.602
2008,Jamaica,,45.335,45.335
2009,Jamaica,,38.541,38.541
2010,Jamaica,,60.63,60.63
2011,Jamaica,,81.483,81.483
2012,Jamaica,,76.686,76.686
2013,Jamaica,,109.807,109.807
2014,Jamaica,,108.26,108.26
2015,Jamaica,,110.115,110.115
2016,Jamaica,,125.97,125.97
2017,Jamaica,,175.255,175.255
2000,Malaysia,,504.737,505.263
2001,Malaysia,,542.105,542.895
2002,Malaysia,,566.842,567.368
2003,Malaysia,,581.842,582.368
2004,Malaysia,,592.368,592.895
2007,Malaysia,,496.863,497.735
2013,Malaysia,,764.859,765.494
2006,Mauritius,,48.299,53.941
2010,Nigeria,,40.728,40.728
2011,Nigeria,,36.714,36.714
2012,Nigeria,,55.801,55.801
2013,Nigeria,,97.94,97.94
2014,Nigeria,,79.268,79.268
2015,Nigeria,,95.674,95.674
2000,Papua New Guinea,,1.042,1.042
2001,Papua New Guinea,,0.942,0.942
2002,Papua New Guinea,,0.738,0.738
2003,Papua New Guinea,,0.521,0.521
2004,Papua New Guinea,,1.313,1.313
2005,Papua New Guinea,,1.079,1.079
2006,Papua New Guinea,,0.835,0.835
2007,Papua New Guinea,,1.019,1.019
2008,Papua New Guinea,,1.124,1.124
2009,Papua New Guinea,,1.204,1.204
2010,Papua New Guinea,,1.595,1.595
2011,Papua New Guinea,,1.966,1.966
2012,Papua New Guinea,,2.844,2.844
2013,Papua New Guinea,,2.727,2.727
2014,Papua New Guinea,,2.371,2.371
2015,Papua New Guinea,,3.394,3.394
2016,Papua New Guinea,,1.406,1.406
2017,Papua New Guinea,,4.453,4.453
2000,Trinidad and Tobago,,37.999,37.999
2001,Trinidad and Tobago,,34.717,34.717
2002,Trinidad and Tobago,,33.961,33.961
2003,Trinidad and Tobago,,33.679,33.679
2004,Trinidad and Tobago,,32.245,32.245
2005,Trinidad and Tobago,,34.426,34.426
2006,Trinidad and Tobago,,39.42,39.42
2007,Trinidad and Tobago,,53.478,53.478
2000,Cabo Verde,,,1.083
2001,Cabo Verde,,,0.501
2002,Cabo Verde,,,0.964
2003,Cabo Verde,,,0.851
2004,Cabo Verde,,,1.296
2005,Cabo Verde,,,2.164
2006,Cabo Verde,,,2.48
2007,Cabo Verde,,,2.675
2008,Cabo Verde,,,2.943
2009,Cabo Verde,,,2.338
2010,Cabo Verde,,,3.208
2011,Cabo Verde,,,6.694
2012,Cabo Verde,,,6.286
2013,Cabo Verde,,,6.872
2014,Cabo Verde,,,6.725
2015,Cabo Verde,,,5.988
2016,Cabo Verde,,,6.799
2017,Cabo Verde,,,6.995
2016,Fiji,,,32.159
2017,Fiji,,,52.448
2007,Solomon Islands,,,23.739
2008,Solomon Islands,,,27.666
2009,Solomon Islands,,,20.816
2010,Solomon Islands,,,30.317
2011,Solomon Islands,,,49.503
2012,Solomon Islands,,,57.506
2013,Solomon Islands,,,57.799
2014,Solomon Islands,,,67.046
2015,Solomon Islands,,,59.572
2016,Solomon Islands,,,73.217
2017,Solomon Islands,,,79.922
